1,Hi McGruff I know what you are going through .,,,,,,,,,,,,,,3,
1,I too didn't sleep for a long time .,,,,,,,,,,,,,,3,
1,Oh for the days when You weren't scarred out of your mind .,,,,,,,,,,,,,,3,
1,But it does get better .,,,,,,,,,,,,,,3,
1,I am on this a lot can't sleep so anytime you need to talk let me know .,,,,,,,,,,,,,,3,
1,I love this site too but can't quite figure it out .,,,,,,,,,,,,,,0,
1,I'll read your web page tonight after work so I'm more in-tune to what's going on .,,,,,,,,,,,,,,3,
1,Hang in there Denise,,,,,,,,,,,,,,3,
1,I am new to this forum my name is maggie .,,,,,,,,,,,,,,0,
0,I was diagnosed in Aug .,,,,,,,,,,,,,,0,
1,I just wanted to let you know  that I went thought the same feelings you are having .,,,,,,,,,,,,,,3,
1,(Confused worried and I was even angry) I don't know how this works but you can e-mail anytime for questions or just to have someone to listen .,,,,,,,,,,,,,,3,
1,May God bless you and I hope everything comes out ok .,,,,,,,,,,,,,,3,
1,Hi McGruff: I just a lumpectomy and I'm waiting to see the oncologist - my guess is chemo and radiation and who knows what else .,,,,,,,,,,,,,,0,
1,But I surely know the feelings and the confusion and as much as everyone around me is so proud of me for being so positive and upbeat I wonder where this strength is really coming from .,,,,,,,,,,,,,,0,
1,"Someone e-mailed me and said ""The Lord will not give you anymore than you can handle .",,,,,,,,,,,,,,0,
1,Put your life in his hands .,,,,,,,,,,,,,,3,
1,And so that's just what I've done .,,,,,,,,,,,,,,0,
1,I take one day at a time and just pray that I have the courage and the strength to get thru whatever is in store for me .,,,,,,,,,,,,,,0,
1,I ask alot of questions especialy from the wonderful women that I've met on this site .,,,,,,,,,,,,,,0,
1,This is truly amazing .,,,,,,,,,,,,,,0,
1,I can't wait to get home each night to get online .,,,,,,,,,,,,,,0,
1,If nothing else picks up your spirits talking to others for support and compasion has by far lifted my spirits and I'm sure it will lift you too .,,,,,,,,,,,,,,3,
1,Keep in touch either on this site or e-mail direct anytime Just think of it as we are all strolling down the same path together and if one of us falls I know the rest will be right there to help out .,,,,,,,,,,,,,,3,
1,It doesn't get any better than that!,,,,,,,,,,,,,,3,
1,God Bless talk to ya soon . Vinnie,,,,,,,,,,,,,,3,
1,I too was very confused .,,,,,,,,,,,,,,3,
1,I have found faith and read my bible .,,,,,,,,,,,,,,0,
0,I had a lumpectomy and 2 chemo treatments going for my 3rd tomorrow .,,,,,,,,,,,,,,2,
1,I was scared but now have found strength in the Lord .,,,,,,,,,,,,,,3,
1,He is helping me to be strong .,,,,,,,,,,,,,,3,
1,I still cry alot but that's okay .,,,,,,,,,,,,,,1,
1,I wish you well .,,,,,,,,,,,,,,3,
0,I will be starting radiation after my 4th chemo treatment .,,,,,,,,,,,,,,2,
1,I am looking forward only not backwards .,,,,,,,,,,,,,,0,
1,One day at a time . Pwal@dhdkdn . Com,,,,,,,,,,,,,,0,
1,Hi luvpeg Well on the road again!,,,,,,,,,,,,,,3,
0,I've had the mastectomy and the lymph nodes were positive .,,,,,,,,,,,,,,2,
0,Have to see the surgeon on 9 28 for follow-up and then maybe the name of the Medical Oncologist to see .,,,,,,,,,,,,,,0,
1,Never was a drinker but I guess the chemo cocktails will be next .,,,,,,,,,,,,,,2,
1,My good wishes for a good tomorrow .,,,,,,,,,,,,,,3,
1,I am also an African American survivor who didn't feel comfortable with a wig and couldn't sport a bald head at my stuffy corporate workplace .,,,,,,,,,,,,,,3,
0,What I've done is wear scarves wrapped around my head in the style that is so fashionable now with women of color .,,,,,,,,,,,,,,3,
1,Many people have no idea that I am without hair they just think it's my style .,,,,,,,,,,,,,,0,
1,I feel like myself more than I ever could with a wig .,,,,,,,,,,,,,,2,
0,(I had a medium short natural hair style and it was impossible to find even a distant approximation . ),,,,,,,,,,,,,,1,
0,Hi I just finished 4 treatments of A C and am starting weekly taxol and herceptin tomorrow .,,,,,,,,,,,,,,2,
0,My hair has started to grow back already and my Dr . Said it should continue to do so .,,,,,,,,,,,,,,0,
1,However I feel just like you I have a wig and have never worn it!,,,,,,,,,,,,,,3,
1,I can't stand it .,,,,,,,,,,,,,,3,
0,I always wear a bandana .,,,,,,,,,,,,,,2,
0,Everyone says they all look so cute but I don't think that once my hair comes back in that I will ever want to wear one again :) The American Cancer Society has a Look Good Feel Better program that is free to you .,,,,,,,,,,,,,,3,
0,I think that cosmetologists are the volunteers .,,,,,,,,,,,,,,0,
0,You may want to check that out if you really want a wig made .,,,,,,,,,,,,,,3,
0,You might find some help there .,,,,,,,,,,,,,,3,
1,I hope that all is going well for you!,,,,,,,,,,,,,,3,
1,Thanks for your note .,,,,,,,,,,,,,,0,
1,It is nice to see someone else out there sported the bald look as I am doing .,,,,,,,,,,,,,,0,
1,My hair finally growing back .,,,,,,,,,,,,,,0,
1,Thank goodness I really didn't think it was going to be that bad being bald but it was a challenge . :),,,,,,,,,,,,,,0,
0,I have had the same problem but in my legs not my arms .,,,,,,,,,,,,,,3,
0,Please contact me @ rkester@citgo . Com (Roger Kesterson) I may be able to shed some light on what you are going thru .,,,,,,,,,,,,,,3,
?,???????????????????,,,,,,,,,,,,,,#,
0,I take zoloft more for a depression but my ob gyn put me on a clondine patch for hot flashes .,,,,,,,,,,,,,,2,
0,I'm 24 and just had a hysterectomy so am in surgical menopause .,,,,,,,,,,,,,,2,
0,The chemo never did it just made me irregular .,,,,,,,,,,,,,,1,
1,Hope this info helps!,,,,,,,,,,,,,,3,
0,I had a total hysterectomy the same day I found out I had BC .,,,,,,,,,,,,,,0,
0,So no estrogen .,,,,,,,,,,,,,,0,
0,I tried clonodine for about 7 weeks but stopped when chemo made me so sick I couldn't keep anything down .,,,,,,,,,,,,,,2,
1,My hot flashes and night sweats keep me awake half the night .,,,,,,,,,,,,,,1,
0,My doctor said I could try one of the soy-based menopause products and vitamin E .,,,,,,,,,,,,,,2,
0,I've been taking them for two weeks now but not much change .,,,,,,,,,,,,,,2,
0,However I've read that it takes several weeks before you notice a change so I will stick with it for awhile .,,,,,,,,,,,,,,2,
1,I'll let you know if it helps .,,,,,,,,,,,,,,3,
0,I'm 35 and have been fighting metastatic breast Ca for 10 years .,,,,,,,,,,,,,,0,
0,A part of my current treatment is zoladex which chemically ablates my ovaries so in essence it puts me into instant menopause .,,,,,,,,,,,,,,"2,1",
0,The hot flashes were horrendous .,,,,,,,,,,,,,,1,
0,I have finally found relieft by taking Effexor .,,,,,,,,,,,,,,2,
0,Like Zoloft it's used to treat depression and generalized anxiety but Effexor has show promise specifically for those who experience hot flashes because of chemotherapy or other cancer-related treatments .,,,,,,,,,,,,,,2,
0,With me it worked with the first dose .,,,,,,,,,,,,,,3,
1,Now if I could only get something to help with my insomnia! :->) Good luck!,,,,,,,,,,,,,,1,
#,########################,,,,,,,,,,,,,,#,
0,Jamie Melatonin is exactly what my oncologist told me to take since it has two benefits .,,,,,,,,,,,,,,2,
0,It helps your body get into a natural sleep pattern naturally and has been shown to help with cancer .,,,,,,,,,,,,,,2,
0,Always ask your doctor first but mine was the one to suggest it .,,,,,,,,,,,,,,3,
?,?????????????????????????,,,,,,,,,,,,,,#,
0,I took Zofran twice a day for three days after chemo and I didn't get sick at all .,,,,,,,,,,,,,,2,
0,It is expensive but worth it .,,,,,,,,,,,,,,2,
0,I had visions of being deathly ill - tiredness was the worst part for me .,,,,,,,,,,,,,,1,
1,There is alot of support here as you know .,,,,,,,,,,,,,,3,
0,After the first one it will be better - you will know what to expect!!!,,,,,,,,,,,,,,2,
0,Herceptin is now only used for metastases in those who are HER2 and Hummb has mets .,,,,,,,,,,,,,,2,
0,Taxol in the beginning was the same way - then after trials it has been added to anyone with one or more lympth nodes involved .,,,,,,,,,,,,,,2,
0,Probably some day that may be the protocol .,,,,,,,,,,,,,,2,
0,Adriamycin is very effective with HER2 as a first line of defense .,,,,,,,,,,,,,,2,
0,If you don't enter the trial you won't get herceptin .,,,,,,,,,,,,,,2,
0,If you do you might or might not so there is a bit of an advantage in doing it - especially if you are young .,,,,,,,,,,,,,,2,
0,I never was sick from the chemo .,,,,,,,,,,,,,,1,
0,There was pre-medication with Zofran and Decadron for anti-nausea and then Zofran for three days after - on time- whether you think you need it or not .,,,,,,,,,,,,,,2,
0,The way to go is to take the meds just in case because if you get sick it's too late .,,,,,,,,,,,,,,2,
1,I was soooooo relieved .,,,,,,,,,,,,,,0,
1,I had pictures similar to those I'm sure you have in your mind .,,,,,,,,,,,,,,3,
1,But my first was about dinner time and every one was sitting and eating a sandwich and soup etc .,,,,,,,,,,,,,,0,
1,No one was sick .,,,,,,,,,,,,,,0,
0,I get herceptin once a week through a port a cath .,,,,,,,,,,,,,,2,
0,I took all 8 treatments of chemo by IV dumb idea looking back .,,,,,,,,,,,,,,2,
0,Makes your veins very tender and remember no blood draws IV taking blood pressure etc on side you had lumpectomy .,,,,,,,,,,,,,,2,
0,Makes lymphadema worse .,,,,,,,,,,,,,,2,
0,I think your original question was how did I get the herceptin prescribed for me?,,,,,,,,,,,,,,0,
0,It is used on the market FDA approved for the treatment of bone mets(tumors in the bone) that are HER2 .,,,,,,,,,,,,,,2,
0,My point is if you are HER2 and herceptin is an antibody that kills those tumor cells wouldn't it be smart to start the medication before the tumor spreads?,,,,,,,,,,,,,,2,
0,I mean goodness gracious if you have a sinus infection you start antibiotics before it becomes pneumonia .,,,,,,,,,,,,,,1,
0,If you have high blood pressure you treat if before you have a stroke!,,,,,,,,,,,,,,1,
0,See what I mean but I couldn't get it prescribed BEFORE I had bone mets because it's not yet indicated for 'prophelactic treatment' (treating something before it gets worse) .,,,,,,,,,,,,,,2,
0,I know you won't know if you get it or not (double blind study - MD won't even know) but you are guaranteed to get the chemo .,,,,,,,,,,,,,,2,
0,That's the constant and they aren't testing it .,,,,,,,,,,,,,,0,
0,Make sure I'm right about that!,,,,,,,,,,,,,,0,
0,Best thing I took for nausea was Zofran very expensive!,,,,,,,,,,,,,,2,
0,If no insurance compazine may work just as well .,,,,,,,,,,,,,,2,
0,It made my Parkinson's a lot worse otherwise worked just fine .,,,,,,,,,,,,,,1,
0,Hi Toni: The best advice re expecting to be sick during chemo is to try not to have any preconceived notions of what you expect to happen .,,,,,,,,,,,,,,2,
0,Try to remain positive and let it happen without your being in knots inside .,,,,,,,,,,,,,,3,
1,I know that's not easy!,,,,,,,,,,,,,,3,
0,If you go in expecting to be very ill then you may unintintionally help that to be the case .,,,,,,,,,,,,,,3,
0,If you feel that you simply cannot get the pre treatment anxiety under control talk to your doc about it and ask for something which may help .,,,,,,,,,,,,,,2,
0,NERVES alone can contribute to nausea .,,,,,,,,,,,,,,2,
0,We've all heard the tales (many from years ago I might add) of chronic vomiting bone weary fatigue that landed women flat in the bed for a week or two all manner of insult and incident .,,,,,,,,,,,,,,1,
0,DISCOUNT AS MUCH OF THAT AS YOU CAN MUSTER!!!,,,,,,,,,,,,,,3,
0,Science works at a steady clip and there are so many new drugs now for nausea that it's just one big blessing really .,,,,,,,,,,,,,,2,
0,I took Anzamet . One pill prior to the infusions and one each day for 3 days following treatments .,,,,,,,,,,,,,,2,
0,(My ins . Covered it but I believe the cost is approx . $60 .,,,,,,,,,,,,,,0,
0,00 pill) I only threw up when I got a virus in the middle of my treatments .,,,,,,,,,,,,,,1,
0,The only real problem I developed and it lasted till I finished treatment was an aversion to drinking water!,,,,,,,,,,,,,,1,
0,Plain water began to just taste terrible to me and so I switched to making homemade lemonade daily .,,,,,,,,,,,,,,1,
0,Kept a huge pitcher in the fridge at all times .,,,,,,,,,,,,,,2,
0,It did the trick for me .,,,,,,,,,,,,,,0,
0,I did get a dry mouth sometimes so I rinsed 3 or 4 times each day with baking soda solution .,,,,,,,,,,,,,,1,
0,It's a great natural moisturizer .,,,,,,,,,,,,,,2,
0,Also I'd get the extra soft toothbrushes to use during treatment .,,,,,,,,,,,,,,2,
0,Your pharmacist can order some for you if they're not on the shelf .,,,,,,,,,,,,,,3,
0,You don't want any nicks or cuts in the mouth and too your mouth will most likely be more sensitive than usual .,,,,,,,,,,,,,,1,
0,I can tell you that after my first treatment was behind me (and except for the virus which lasted a week) I pretty much went about my business as usual .,,,,,,,,,,,,,,3,
0,I walked daily resumed Yoga which I'd done years before gardened a bit (veggies growing in pots was a new and fun experience for me . As an avid gardener I wasn't about to give it up that summer and so improvised a way to keep me out of the sun so much but grow my veggies anyway) There are many things you'll be pleasantly surprised by I think .,,,,,,,,,,,,,,0,
0,If you give it a chance .,,,,,,,,,,,,,,0,
0,Don't go in expecting a disastrous experience .,,,,,,,,,,,,,,3,
0,If one anti nausea med isn't doing it for you then you dr . Will try a different one which does work for you .,,,,,,,,,,,,,,2,
0,I actually was out in the yard and fiddling with some plants just an hour after I came home from my first treatment .,,,,,,,,,,,,,,3,
0,I felt a bit odd but not sick .,,,,,,,,,,,,,,3,
0,I'd feel tired on my second day after treatment .,,,,,,,,,,,,,,1,
1,When I got the virus I actually wanted the sky to fall on me there for a few days .,,,,,,,,,,,,,,1,
0,I couldn't eat drink or much of anything else .,,,,,,,,,,,,,,1,
1,I just stayed in bed and threw up .,,,,,,,,,,,,,,1,
0,My dr . Kept me in the hosp . For a day because she was worried about dehydration but my husband figured the whole thing out!,,,,,,,,,,,,,,2,
0,He made oatmeal for me and would give me a spoonfull every few hours round the clock .,,,,,,,,,,,,,,2,
0,It was the only thing which didn't come right back up .,,,,,,,,,,,,,,2,
0,It gave me some nourishment and I was able to stay at home until it had run it's course .,,,,,,,,,,,,,,2,
0,After which time I was fine again .,,,,,,,,,,,,,,2,
0,Just a few things I hope may help you at this time .,,,,,,,,,,,,,,0,
0,Once that first treatment is over you'll feel much differently so try to relax as much as possible . Work at and focus your energies on just that .,,,,,,,,,,,,,,2,
1,Try to walk into treatment as if you intend to rule the roost and get an easy time of it to boot!,,,,,,,,,,,,,,2,
1,AND TRY NOT TO LISTEN TO TOO MANY HORROR STORIES in the interim .,,,,,,,,,,,,,,2,
1,Your body is uniquely yours .,,,,,,,,,,,,,,3,
1,GOOD LUCK AND KEEP THINKING GOOD THOUGHTS .,,,,,,,,,,,,,,3,
0,Hi there I just finished chemo a month ago .,,,,,,,,,,,,,,2,
0,2nd time around .,,,,,,,,,,,,,,2,
0,Received Zofran and Decadron before chemo and took Zofran up to 3 times a day for 3 days .,,,,,,,,,,,,,,2,
0,Was mostly tired this time around overall functional .,,,,,,,,,,,,,,1,
1,I wish you the best and know you will do fine .,,,,,,,,,,,,,,3,
1,God bless you . Hugs Emmi,,,,,,,,,,,,,,3,
#,##################################,,,,,,,,,,,,,,#,
0,I too had a bilateral with radical on the right and prophylactic on the left .,,,,,,,,,,,,,,2,
0,I went through 6 months of chemo and then within 2 weeks of radiation I developed upper right back pain .,,,,,,,,,,,,,,1,
0,It's been a year since I developed it and it's still there .,,,,,,,,,,,,,,1,
0,It feels like a pinched nerve .,,,,,,,,,,,,,,1,
0,I've been told it was due to the positioning during radiation or scar tissue or the fact that I now carry everything on my left and I might be not standing as straight .,,,,,,,,,,,,,,1,
0,No one seems to really know why .,,,,,,,,,,,,,,0,
0,I've had several bone scans and x-rays and they are all clear thankfully .,,,,,,,,,,,,,,2,
0,I think all you can do is gentle exercises to strengthen your back (yoga) .,,,,,,,,,,,,,,2,
0,There are also herbal painkillers that work well too .,,,,,,,,,,,,,,2,
1,Hope that helps .,,,,,,,,,,,,,,3,
#,####################################,,,,,,,,,,,,,,#,
0,I had a modified radical on my left and a simple mastectomy on my right .,,,,,,,,,,,,,,0,
0,I am right handed .,,,,,,,,,,,,,,0,
0,I have difficulty with becoming sore especially if I do a lot of lifting especially anything over 10-15 lbs .,,,,,,,,,,,,,,1,
0,I also have pain at the top of my shoulders at the end of the day .,,,,,,,,,,,,,,1,
0,I did not opt for reconstruction so I also at times have pains across my chest .,,,,,,,,,,,,,,1,
0,With 23 lymph nodes removed from under my left side I consider myself fortunate to not have had swelling in my arms .,,,,,,,,,,,,,,2,
0,It has been two years since my surgery .,,,,,,,,,,,,,,0,
0,I just tolerate the pain or consider it a signal of my new limit and go lay down to rest .,,,,,,,,,,,,,,0,
#,#####################################,,,,,,,,,,,,,,3,
0,Hi Lori!My name is Page and I finished my chemo the end of December .,,,,,,,,,,,,,,0,
0,I start taking tamoxifen soon .,,,,,,,,,,,,,,2,
1,Is it really that bad?,,,,,,,,,,,,,,0,
1,I wish I could make you smile - think about positive things . Pray!!,,,,,,,,,,,,,,3,
#,#####################################,,,,,,,,,,,,,,#,
0,Hi I was on tamoifen for 7 years my oncologist believes that you should stay on always .,,,,,,,,,,,,,,2,
1,"The depression that you feel is from the cancer and asking ""Why Me"" I know I have had breast cancer 3 times now since the age of 28 and am now 41 .",,,,,,,,,,,,,,,3
1,The thought of cancer is always in the back of your mind but you can't let it overtake your life .,,,,,,,,,,,,,,3,
1,If you do it will kill you or drive you insane .,,,,,,,,,,,,,,3,
1,"You have beaten this disease and yes forever every ache and pain will make you panic and say to yorself "" Oh God is it Cancer again?""",,,,,,,,,,,,,,1,
1,I still have those times after 13 years but you have to trust in your doctors you gut instinct ( you know when something is wrong) and have faith that it will be ok and is nothing to worry about .,,,,,,,,,,,,,,3,
1,,,,,,,,,,,,,,,,
,,,,,,,,,,,,,,,,
1,I know that this is difficult and not the easiest thing to do but if you continually let cancer run your life it will be more than happy to ablige .,,,,,,,,,,,,,,3,
1,You have beaten your cancer put the issue of it back where it belongs and live your life .,,,,,,,,,,,,,,3,
1,Your are a Survivor!!!!!,,,,,,,,,,,,,,3,
1,Want to talk anytime Thanks for sharing your emotions and thoughts with the rest of us .,,,,,,,,,,,,,,0,
1,We are all there with you and have all come out the other side .,,,,,,,,,,,,,,3,
#,#######################################,,,,,,,,,,,,,,#,
0,Dear Lori Hi I have been living with cancer for about a year and a half .,,,,,,,,,,,,,,0,
1,So much has happened in that time but the one thing that has not changed is the fact that The Lord loves me and gives me strength .,,,,,,,,,,,,,,3,
1,Whenever I feel scared I lean on Him and in His arms .,,,,,,,,,,,,,,3,
1,He gives me peace .,,,,,,,,,,,,,,3,
1,No one is given more than today so use today for all it is worth .,,,,,,,,,,,,,,3,
0,I have been on TAmoxifen for the past year .,,,,,,,,,,,,,,2,
1,I haven't gotten depressed from it .,,,,,,,,,,,,,,1,
1,You have to let it go and start living again .,,,,,,,,,,,,,,3,
1,It isn't always easy .,,,,,,,,,,,,,,3,
1,When I think of my children and maybe not being there for them I get sad .,,,,,,,,,,,,,,0,
1,But then I say what am I doing today for them .,,,,,,,,,,,,,,3,
1,Something that they will remember .,,,,,,,,,,,,,,3,
1,I will keep you in my prayers . Strifiletti@safeplac . Net if you ever want to talk . Sandy,,,,,,,,,,,,,,3,
#,########################################,,,,,,,,,,,,,,#,
1,I had such severe depression that friends began to worry about me .,,,,,,,,,,,,,,0,
1,I was able to joke with the nurses and doctors through all my treatments but once I was done and the tamoxifen was in my system I couldn't even laugh .,,,,,,,,,,,,,,2,
1,I acted in ways that made me feel like I was having out of body experiences .,,,,,,,,,,,,,,1,
1,I had highs and lows which could happen in a blink of an eye .,,,,,,,,,,,,,,1,
1,And the worst part was my short fuse with my children .,,,,,,,,,,,,,,1,
0,Once that started to happen I took myself off the tamoxifen .,,,,,,,,,,,,,,1,
0,I went off for a month then I saw the cancer councelor at the center .,,,,,,,,,,,,,,0,
1,I felt like the weight had been lifted off my shoulders .,,,,,,,,,,,,,,0,
0,A month later I am slowly being weaned onto the drug .,,,,,,,,,,,,,,0,
0,I'm taking about 5 mg and guess what?,,,,,,,,,,,,,,2,
0,All the old symptoms are coming back even with such a low dose which the doc said could happen .,,,,,,,,,,,,,,1,
1,We're going to give this thing a last try and then we'll put our heads together and think of another plan of attack .,,,,,,,,,,,,,,0,
1,You are not alone and you are not going loony .,,,,,,,,,,,,,,3,
1,I can't tell you how many stories I've read about this reaction or how many people I've chatted with who've suffered too .,,,,,,,,,,,,,,3,
0,Talk with your doc and discuss your options .,,,,,,,,,,,,,,3,
0,And if their is a councelor where you went for treatments see him or her .,,,,,,,,,,,,,,3,
1,You won't believe how sympathetic they are or how much better you'll feel afterward .,,,,,,,,,,,,,,3,
1,Maybe it's not just the meds it could be that you and I suffer from battle fatigue and we just need a little help .,,,,,,,,,,,,,,3,
1,Good luck and God bless .,,,,,,,,,,,,,,3,
1,If you need to chat with someone who can relate please email me anytime .,,,,,,,,,,,,,,3,
#,############################################,,,,,,,,,,,,,,#,
0,Hi Lori I'm a 3 year survivor .,,,,,,,,,,,,,,0,
0,No it's not the tamoxifen that makes you depressed but it's the cancer .,,,,,,,,,,,,,,1,
1,I've been trying to get over my depression too and have tried several meds that the oncologist prescribed but they make me sick so I just have to work it out for myself .,,,,,,,,,,,,,,1,
1,Hang in there it'll get better even though the depression comes back time to time .,,,,,,,,,,,,,,3,
0,I switched to Arimidex have been on it for a year .,,,,,,,,,,,,,,2,
0,Find it better .,,,,,,,,,,,,,,2,
1,I'll keep you in my prayers Hugs Marie,,,,,,,,,,,,,,3,
#,############################################,,,,,,,,,,,,,,#,
0,Hi I'm a cancer surviror for 5 yrs now .,,,,,,,,,,,,,,0,
0,My dr . Put me on tamoxifen and I took it for 5 yrs .,,,,,,,,,,,,,,2,
0,I'm not sure if it was the meds or the cancer that put my life in such a state .,,,,,,,,,,,,,,1,
1,When I was told that I had cancer I was by myself .,,,,,,,,,,,,,,0,
1,Before returning home I had to stop and cry and try to be strong for when I told my family .,,,,,,,,,,,,,,0,
1,After returning home I told my husband and of course he was shocked .,,,,,,,,,,,,,,0,
1,My husband is a very loving husband but he felt that by not talking about it would would go away and of course it didn't .,,,,,,,,,,,,,,0,
1,I tried to tell him several times how scared I was but he would tell me what do you expect me to do .,,,,,,,,,,,,,,0,
1,I understand that that he was probaly scared also but I felt like I couldn't discuss it with him or any of my family .,,,,,,,,,,,,,,0,
1,Matter of fact some of my family didn't come around me while I was going through my treatment .,,,,,,,,,,,,,,0,
1,I felt like I had to be strong for everybody else .,,,,,,,,,,,,,,0,
0,I had both chemo and radiation .,,,,,,,,,,,,,,2,
0,And my dr . Lied to me telling me I wouldn't get sick from the chemo .,,,,,,,,,,,,,,0,
0,He said they had new pills that would control that .,,,,,,,,,,,,,,2,
0,Well for me it didn't work .,,,,,,,,,,,,,,2,
0,I feel that the Tamoxifen and the depression that I had to start with is the reason I feel like I do today .,,,,,,,,,,,,,,1,
1,I have no energy and I don't enjoy the things I used to .,,,,,,,,,,,,,,1,
1,I have asked my dr . What I should do and they tell me that this will pass .,,,,,,,,,,,,,,0,
1,Maybe you can help me figure out how to handle this .,,,,,,,,,,,,,,0,
1,I feel better already just talking with someone that knows how I feel .,,,,,,,,,,,,,,3,
#,############################################,,,,,,,,,,,,,,#,
0,From what I've read here before I think there are many of us that take anti-depressents to help us cope with the side effects of cancer and tamoxifen whether it be hot flashes or depression .,,,,,,,,,,,,,,2,
0,I've been taking Celexa since the beginning of all of this and I think it has really helped .,,,,,,,,,,,,,,2,
#,############################################,,,,,,,,,,,,,,#,
0,I never experienced red blotches like you're describing but I did get a rather large red itchy area on my hip (about an inch wide but narrow)about 10 days after the first treatment of A C .,,,,,,,,,,,,,,1,
0,"My onc wasn't 100% certain but felt that it was some sort of ""shingles"" appearance and prescribed an anti-viral .",,,,,,,,,,,,,,1,
0,It didn't spread at all and went away in about a week .,,,,,,,,,,,,,,1,
0,Wondering if you've been exposed to children or anyone who has or could be carrying measles or chicken pox?,,,,,,,,,,,,,,0,
0,May just be a mild reaction of some sort particular to your system and the drugs .,,,,,,,,,,,,,,1,
1,Love light and laughter Ink,,,,,,,,,,,,,,3,
#,#############################################,,,,,,,,,,,,,,#,
0,I HAD THE RED BLOTCHES ALOTE ON MY RIGHT ARM AND A FEW ON MY LEFT ARM I LOOKED LIKE I HAD AIDES .,,,,,,,,,,,,,,1,
0,THERE GONE NOW I HAVE BEEN OFF CHEMO FOR 2 MONTHS,,,,,,,,,,,,,,1,
#,#############################################,,,,,,,,,,,,,,#,
0,I didn't have to have th chemo so I can't offer any advice on those after effects but the sleeping I can .,,,,,,,,,,,,,,0,
0,I didn't sleep well following surgery and months latter I still couldn't sleep .,,,,,,,,,,,,,,1,
0,I finally got some Ambien and I take it 2-3 nights a week .,,,,,,,,,,,,,,2,
0,The further away from Diagnosis the better I sleep but some nights I just can't fall asleep .,,,,,,,,,,,,,,1,
0,I don't feel any after effects the next day either .,,,,,,,,,,,,,,0,
1,I just wake up feeling refreshed kind of like the commercial . Good Luck Beth,,,,,,,,,,,,,,3,
#,##############################################,,,,,,,,,,,,,,#,
0,I went through 4 cycles of chemo and had the growth factor shots to keep me going .,,,,,,,,,,,,,,2,
1,I too had pain and didn't sleep well .,,,,,,,,,,,,,,1,
1,However its been almost 3 years since I completed the treatments and I guarantee there is definitely life after cancer!,,,,,,,,,,,,,,3,
0,The pain will lessen and your immune system will kick in .,,,,,,,,,,,,,,3,
0,As for the not sleeping you might want to try some sleep aids to help with that .,,,,,,,,,,,,,,3,
1,Again all your anxiety will die down over time and a sense of peace will return!,,,,,,,,,,,,,,3,
#,#################################################,,,,,,,,,,,,,,#,
0,Hi Britches I completed my chemo almost one year ago .,,,,,,,,,,,,,,0,
0,I had joint pain during my chemo but not after .,,,,,,,,,,,,,,1,
1,I attribute alot of my feeling good to keeping as active as possible during and after treatment .,,,,,,,,,,,,,,3,
1,I know it is hard but even just a little walk on days you are really hurting helped me tremendously .,,,,,,,,,,,,,,2,
0,As far as not sleeping my doctor prescribed Tylenol PM which you can buy over the counter and that helped .,,,,,,,,,,,,,,2,
1,Hope this helps and hope you are feeling better soon .,,,,,,,,,,,,,,3,
#,###################################################,,,,,,,,,,,,,,#,
0,Expect almost anything literally .,,,,,,,,,,,,,,3,
0,Chemo is one of those things where 'the cure is worse than the cause' almost .,,,,,,,,,,,,,,1,
0,If you are on tamoxifen that may be causing your joint pain however I'm not I take aromasin .,,,,,,,,,,,,,,1,
1,I'm 42 and I get up like my 84 year old grandma .,,,,,,,,,,,,,,3,
0,Joints are stiff but they loosen up quickly .,,,,,,,,,,,,,,1,
0,I have a hard time with sleeping so I take a xanex at bedtime same dose past 3 years .,,,,,,,,,,,,,,2,
1,Diagnosed June 2000 and completed chemo April 2001 I don't know that I'll ever sleep again without help .,,,,,,,,,,,,,,1,
1,My memory is not what it used to be I don't think not sure I've forgotten what it used to be .,,,,,,,,,,,,,,1,
1,LOL That's 'chemobrain' for you .,,,,,,,,,,,,,,0,
1,I don't tan don't burn but don't tan either .,,,,,,,,,,,,,,1,
1,Doc says that's a good thing .,,,,,,,,,,,,,,0,
0,Personally I like a nice tan but hey minor detail .,,,,,,,,,,,,,,0,
0,As far as colds go initially you probably are more susceptible .,,,,,,,,,,,,,,1,
0,I avoided heavy crowds especially in small places with poor ventilation i . E . Theaters malls subways .,,,,,,,,,,,,,,2,
0,When you go shopping take a pen with you for signing checks or credit card reciepts .,,,,,,,,,,,,,,2,
0,Think when you use a pen at a check out stand how many before you have sneezed coughed etc . And then picked up that same pen .,,,,,,,,,,,,,,0,
0,In a public restroom after you wash your hands turn faucet off with the paper towel open door with paper towel then chunk it in the trash .,,,,,,,,,,,,,,2,
0,These things are just basic infection control procedures taught in med school .,,,,,,,,,,,,,,0,
0,Lastly if you chew your nails or put your fingers in mouth or around lips don't you just ate some germs .,,,,,,,,,,,,,,2,
0,LOL Also talk to your doc about the flu vaccine and the pneumonia shot .,,,,,,,,,,,,,,2,
0,Flu is yearly pneumonia is 1x and then set for life .,,,,,,,,,,,,,,2,
1,Hope this helps God bless and good health . Hummingbyrd,,,,,,,,,,,,,,3,
#,########################################################,,,,,,,,,,,,,,,
1,"Sleeping used to be one of my favorite ""hobbies"" before all those rounds of chemo .",,,,,,,,,,,,,,1,
1,Now I can count on one hand the number of times I have overslept or taken an unexpectedly long nap in the past year .,,,,,,,,,,,,,,1,
1,I figure that as long as I don't get so tired that I get into traffic accidents or something I'll look on the bright side and get some extra chores or reading accomplished .,,,,,,,,,,,,,,2,
0,All the hip and leg joint pain after chemo and neupogen injections pretty much went away after 6 months for me .,,,,,,,,,,,,,,1,
0,Even at its worse I found that laying still or sitting still was tremendously more painful than moving around--whether at work shopping or at home .,,,,,,,,,,,,,,1,
0,Now I am fighting a minor case of frozen shoulder that sometimes keeps me awake even with a low dose of vicodin (1 .,,,,,,,,,,,,,,1,
0,5 pills a day--I'd call that a really low dose but it usually works) .,,,,,,,,,,,,,,2,
0,I had been reading some posts elsewhere where women were saying that their post-chemo joint pain lasted up to 4 years .,,,,,,,,,,,,,,1,
0,I try to ride my bike at least 2 times per week (4-5 miles each time) .,,,,,,,,,,,,,,2,
0,That might have helped my leg joint recovery .,,,,,,,,,,,,,,2,
#,#######################################################,,,,,,,,,,,,,,#,
1,Dear Britches Im not sure how long you have been off chemo but I am guessing it has been recently .,,,,,,,,,,,,,,3,
1,I too had joint pian ALL the time!,,,,,,,,,,,,,,1,
0,They gave me celebrex (im sure I spelled it wrong) to take and it helped TONS and tons!,,,,,,,,,,,,,,2,
0,However I am sure that extra 80 pounds I carred around didnt help much either .,,,,,,,,,,,,,,0,
0,About a month after my last treatment I started losing weight and started some moderate exercises and it has helped .,,,,,,,,,,,,,,2,
1,I still do not sleep and probably will forever have bad dreams about the cancer journey .,,,,,,,,,,,,,,1,
0,I too have been given ambien-which did next to nothing- i do take tylenol PM (the one this just for sleeping -forget proper name) which helps some .,,,,,,,,,,,,,,2,
1,Much luck and God Bless Jerilynfrog13@yahoo . Com,,,,,,,,,,,,,,3,
#,#####################################################,,,,,,,,,,,,,,#,
0,At the end of six months of chemotherapy I also had major pain in hips and low back .,,,,,,,,,,,,,,1,
1,However two months after finishing I am beginning to feel a LOT better and returned to the gym for an hour a day Mon -->Fri this week with the doctor's permission .,,,,,,,,,,,,,,2,
1,I have trouble sleeping also especially when there is some confusion or mess in processing the endless bills and insurance claims associated with catestrophic illness .,,,,,,,,,,,,,,1,
0,I think the colds and stuff may simply be the time of year .,,,,,,,,,,,,,,1,
1,Recalling now that when my children were young the germfest started in October it was always an iffy thing whether they would be able to go trick or treating or travel during Thanksgiving week .,,,,,,,,,,,,,,0,
1,Hope this helps .,,,,,,,,,,,,,,3,
#,#####################################################,,,,,,,,,,,,,,#,
0,Hello Again - Ambein is a great sleep med .,,,,,,,,,,,,,,2,
0,I don't take it every night but some nights you have to .,,,,,,,,,,,,,,2,
0,It is not that expensive .,,,,,,,,,,,,,,0,
0,Celebrex however will cost a fortune .,,,,,,,,,,,,,,0,
0,Try and get samples if you choose to use that for pain relief on the joints .,,,,,,,,,,,,,,3,
0,I found that a magnetic sole in my shoes has helped a lot .,,,,,,,,,,,,,,3,
1,I don't understand why but someone gave them to me and I love them .,,,,,,,,,,,,,,0,
1,As for the question what can I expect now - A LONG BEAUTIFUL LIFE!!!!!!,,,,,,,,,,,,,,3,
1,You have made it girl!!!,,,,,,,,,,,,,,3,
1,Your at the top of the mountain Enjoy .,,,,,,,,,,,,,,3,
#,##################################,,,,,,,,,,,,,,#,
1,Hi britches: It's so great to have chemo behind yourself!,,,,,,,,,,,,,,3,
1,Congrats on coming through well .,,,,,,,,,,,,,,3,
1,I'd say that what you can expect is to feel wonderful .,,,,,,,,,,,,,,3,
1,I think that aches coming and going are only sometimes part of the general physical experience which follows chemo .,,,,,,,,,,,,,,1,
0,Certain pains are more common with different chemo regimens but then our bodies are each unique and respond differently .,,,,,,,,,,,,,,1,
0,I know a lot of women just like me who didn't have any pains .,,,,,,,,,,,,,,1,
0,I'd suggest that you not expect anticipate ANY physical pains .,,,,,,,,,,,,,,3,
0,Just wait and see what your experience will be .,,,,,,,,,,,,,,3,
1,Work on relaxing and discovering the new and wonderful you .,,,,,,,,,,,,,,3,
1,As you shed the pains fears . Physical and emotional of your bc experience and find your best perspective you'll again feel balanced and whole .,,,,,,,,,,,,,,3,
1,Just have patience with yourself .,,,,,,,,,,,,,,3,
1,Rome wasn't built in a day .,,,,,,,,,,,,,,3,
1,The colds may simply be due to your weakened immune system which will strengthen with some time .,,,,,,,,,,,,,,1,
1,Eat well (consider consulting with an nutritionist) get plenty of rest and exercise and be grateful for each new day!,,,,,,,,,,,,,,2,
1,Good luck and best wishes!,,,,,,,,,,,,,,3,
1,Love light and laughter Ink,,,,,,,,,,,,,,3,
#,#####################################,,,,,,,,,,,,,,#,
0,I had terrible joint pain after finishing chemo radiation and I'm not even on Tamoxifen (ER negative) .,,,,,,,,,,,,,,1,
0,As you shed the pains fears . Physical and emotional of your bc experience and find your best perspective you'll again feel balanced and whole .,,,,,,,,,,,,,,2,
0,Mine was pretty crippling .,,,,,,,,,,,,,,0,
0,He said he'd prescribe Viox or Celebrex if I wanted but the last thing I wanted was to start taking another medication so I opted to take glucosamine instead .,,,,,,,,,,,,,,2,
0,Low and behold four months after finishing chemo my joint pain mostly cleared up .,,,,,,,,,,,,,,2,
0,Now I'm 7 months out from treatment and am finally feeling like my old self . Pain gone energy back and sleeping well .,,,,,,,,,,,,,,2,
1,I guessing you're pretty recently out of treatment and like I was are itching to get back to normal (whatever that is!) .,,,,,,,,,,,,,,2,
1,It just takes time .,,,,,,,,,,,,,,2,
#,########################################,,,,,,,,,,,,,,#,
1,I've got Happy Feet from this news!,,,,,,,,,,,,,,3,
1,Thanks for sharing :D Hugs Sylvia,,,,,,,,,,,,,,3,
#,#######################################,,,,,,,,,,,,,,#,
1,Im dancing with you too this is great news .,,,,,,,,,,,,,,3,
1,Thanks for sharing .,,,,,,,,,,,,,,3,
#,#############################,,,,,,,,,,,,,,#,
1,Kathi that's very good news!,,,,,,,,,,,,,,3,
#,############################,,,,,,,,,,,,,,#,
1,That is awesome news!,,,,,,,,,,,,,,3,
#,###################,,,,,,,,,,,,,,#,
1,I love good news!,,,,,,,,,,,,,,3,
#,###################,,,,,,,,,,,,,,#,
1,Just love to hear good news!,,,,,,,,,,,,,,3,
#,####################,,,,,,,,,,,,,,#,
1,Sounds like good news to me .,,,,,,,,,,,,,,3,
1,Glad the reports came back quick .,,,,,,,,,,,,,,3,
1,Now let's all think good thoughts about the tumors .,,,,,,,,,,,,,,3,
1,Didn't know you were back overseas . Have fun . ),,,,,,,,,,,,,,3,
#,####################,,,,,,,,,,,,,,#,
1,Love good news! xoxo Victoria,,,,,,,,,,,,,,3,
#,####################,,,,,,,,,,,,,,#,
1,So glad to hear of your news and that you are dancing away .,,,,,,,,,,,,,,3,
1,Is there a traditional Dutch dance you are doing?!,,,,,,,,,,,,,,0,
#,####################,,,,,,,,,,,,,,#,
1,Thank you for sharing .,,,,,,,,,,,,,,3,
#,##################,,,,,,,,,,,,,,#,
1,for the support during my sister's surgery .,,,,,,,,,,,,,,0,
1,Dutch hugs to all of you . From 5579 air miles away!!!,,,,,,,,,,,,,,3,
#,#####################,,,,,,,,,,,,,,#,
1,Good news regarding your sister and her path reports!,,,,,,,,,,,,,,3,
1,Thank you for sharing -- Kathi .,,,,,,,,,,,,,,3,
#,#####################,,,,,,,,,,,,,,#,
1,Dancing with you and clapping my hands for your sister .,,,,,,,,,,,,,,3,
#,######################,,,,,,,,,,,,,,#,
1,Happy to hear .,,,,,,,,,,,,,,3,
1,I have on my dancing shoes .,,,,,,,,,,,,,,3,
#,######################,,,,,,,,,,,,,,#,
1,Kathy that's wonderful news . Hope you and your sister celebrate big .,,,,,,,,,,,,,,3,
?,??????????????????????,,,,,,,,,,,,,,#,
1,I am praying that your Doctor is right and it is not cancer .,,,,,,,,,,,,,,3,
1,I know it is going to be hard but try to enjoy Christmas .,,,,,,,,,,,,,,3,
1,Having a good Doctorlots of faith and lots of prayers coming your way to help you get through this rough time .,,,,,,,,,,,,,,3,
1,Wow Eva what a weight upon your shoulders over this holiday weekend .,,,,,,,,,,,,,,0,
1,I can't believe this .,,,,,,,,,,,,,,0,
1,At least it's sounding like it might be a benign tumor you do have everything else going in your favor .,,,,,,,,,,,,,,3,
1,I'll be sending along my prayers to you this weekend next week we will have lots to celebrate .,,,,,,,,,,,,,,3,
1,Praying Eva that it is NOT cancer .,,,,,,,,,,,,,,3,
1,I will be watching your posts .,,,,,,,,,,,,,,3,
1,Good luck Tuesday .,,,,,,,,,,,,,,3,
1,I am hopeful that this is not a cancerous lesion .,,,,,,,,,,,,,,3,
1,Hopefully you will be able to set this aside (easier said than done) and enjoy Christmas .,,,,,,,,,,,,,,3,
1,My thoughts are always it is not cancer until a biopsy shows otherwise!,,,,,,,,,,,,,,3,
1,Have a Merry Christmas in spite of everything else and I will continue to keep you in my prayers .,,,,,,,,,,,,,,3,
1,Prayers and hugs Carol,,,,,,,,,,,,,,3,
1,Prayers continuing for a hopeful 'non cancerous' result .,,,,,,,,,,,,,,3,
1,I can not imagine what you frame of mind -- right now -- so I will ask for peace sleep and HOPE for CURE no matter the results .,,,,,,,,,,,,,,3,
1,Better days are in your future -- Happy Holidays to you and your loved ones .,,,,,,,,,,,,,,3,
1,I'm so sorry you are having to deal with this .,,,,,,,,,,,,,,3,
1,Just remember like you said .,,,,,,,,,,,,,,3,
1,God has this .,,,,,,,,,,,,,,3,
1,I'll be praying your dr . Is right and it's not cancer .,,,,,,,,,,,,,,3,
1,If I can do anything for you please let me know . Send me a PM .,,,,,,,,,,,,,,3,
1,As always I love your attitude!,,,,,,,,,,,,,,3,
1,Eva I'll add you to my prayer list that you will have PEACE this weekend and Great News next week .,,,,,,,,,,,,,,3,
1,With your stats I can't imagine the spot being cancer!,,,,,,,,,,,,,,3,
1,Merry Christmas and God Bless .,,,,,,,,,,,,,,3,
1,Eva I will be saying lots of prayers that this is not cancer .,,,,,,,,,,,,,,3,
1,Please let us know as soon as you find out the results .,,,,,,,,,,,,,,3,
1,Good luck on Tuesday .,,,,,,,,,,,,,,3,
1,I am sending prayers HugsJan,,,,,,,,,,,,,,3,
1,Sweet sister -- What can I say other than I'm staying positive for you and praying this is not c .,,,,,,,,,,,,,,3,
1,It would be a rare case with your report I think .,,,,,,,,,,,,,,3,
1,I want you to enjoy the holidays and keep up with your faith .,,,,,,,,,,,,,,3,
1,I will add your name to my prayer's list .,,,,,,,,,,,,,,3,
1,May next week give you peace of mind when you hear the good news from your Dr .,,,,,,,,,,,,,,3,
1,This is ALL I am thinking about .,,,,,,,,,,,,,,3,
1,Hugs to you sweet sister .,,,,,,,,,,,,,,3,
1,We're here for you .,,,,,,,,,,,,,,,
1,So sorry for this scare .,,,,,,,,,,,,,,3,
1,I hope that's what it turns out to be - a scare only .,,,,,,,,,,,,,,3,
1,In the meantime I'll send hugs prayers and positive thoughts .,,,,,,,,,,,,,,3,
1,Praying for you today!,,,,,,,,,,,,,,3,
1,you in my thoughts and send out positive energy to help you through this .,,,,,,,,,,,,,,3,
1,Please try not to worry too much and enjoy the holiday .,,,,,,,,,,,,,,3,
1,I will be praying for you .,,,,,,,,,,,,,,3,
1,Eva Good luck tomorrow with the bone biopsy .,,,,,,,,,,,,,,3,
1,I hope it comes back negative for you .,,,,,,,,,,,,,,3,
1,Sending positive thoughts your way .,,,,,,,,,,,,,,3,
1,Sending lots of prayers for you Eva!,,,,,,,,,,,,,,3,
1,I will definitely be praying for you .,,,,,,,,,,,,,,3,
1,I have the same thing .,,,,,,,,,,,,,,3,
1,"Except my report says ""most likely benign"" and to follow up with a PET CT scan in 3 months .",,,,,,,,,,,,,,2,
1,Reading your post put fear in my heart but I will get answers tomorrow when I see my RO .,,,,,,,,,,,,,,0,
1,Had a PET scan nearly 2 weeks ago with LOTS of stuff on it .,,,,,,,,,,,,,,2,
1,Keep us posted . Much love and hugs Mary,,,,,,,,,,,,,,3,
1,If your oncologist believes that this will give you the best protection why are you fighting him?,,,,,,,,,,,,,,0,
#,#########################################,,,,,,,,,,,,,,#,
0,I am not HER2 and therefore did not have herceptin .,,,,,,,,,,,,,,2,
0,I did do Arimidex during radiation with no adverse effects .,,,,,,,,,,,,,,2,
0,More than likely you won't notice any difference taking Arimidex with herceptin along with radiation .,,,,,,,,,,,,,,2,
1,You sound very weary of the whole process and have every reason to be .,,,,,,,,,,,,,,3,
0,Just remember that at your stage it will end so I would follow the oncologist recommendation .,,,,,,,,,,,,,,2,
0,He is in the business of cancer and you are paying for his expertise in this field .,,,,,,,,,,,,,,2,
1,Best wishes to you Doris,,,,,,,,,,,,,,3,
0,I took rads only no other treatment during them .,,,,,,,,,,,,,,2,
1,I am wishing you the best of luck!,,,,,,,,,,,,,,3,
#,######################################,,,,,,,,,,,,,,#,
0,I was on Abraxane Tamoxifen and Zometa while I was getting radiation this last time .,,,,,,,,,,,,,,2,
0,And my first dose of radiation I was on Tamoxifen and Zometa .,,,,,,,,,,,,,,2,
1,I assumed they were being as aggressive as possible .,,,,,,,,,,,,,,2,
1,The one thing that was hard was not knowing what was causing what side effects with everything going at once!,,,,,,,,,,,,,,1,
1,But remember you do have the final decision after all it is your body!,,,,,,,,,,,,,,3,
1,I wish you the best .,,,,,,,,,,,,,,3,
#,####################################,,,,,,,,,,,,,,#,
0,I did not do Herceptin but I started Tamoxifen 2 weeks into Rads and would have started sooner but the mail order pharmacy messed up my script .,,,,,,,,,,,,,,2,
0,My RO thought it was good to start the meds during Rads so he could help out with any immediate questions or side effects .,,,,,,,,,,,,,,2,
1,Good luck I don't know if I would have the patience for a grumpy oncologist .,,,,,,,,,,,,,,3,
#,###################################,,,,,,,,,,,,,,#,
0,I started rads one week after last Taxol and one week after starting rads I started Femara .,,,,,,,,,,,,,,2,
0,Made sense to me - no longer doing chemo so there is nothing still 'fighting' cancer throughout body so I wanted to get going on Femara to do what it can to help fight .,,,,,,,,,,,,,,2,
0,(I'm HER2- so didn't need Herceptin) Susan,,,,,,,,,,,,,,2,
#,####################################,,,,,,,,,,,,,,#,
0,I am also Her2 positive and got Herceptin every 3 weeks .,,,,,,,,,,,,,,2,
0,I had 3 surgeries initial one then one to get clear margins then port placement .,,,,,,,,,,,,,,2,
0,6 rounds of Taxotere and Carboplatin followed by 33 radiation treatments .,,,,,,,,,,,,,,2,
0,The Herceptin was weekly during the TC then went to every 3 weeks for a year .,,,,,,,,,,,,,,2,
0,I started radiation on 9 2 10 and Tamoxifen on 9 7 10 so I got Herceptin radiation and Tamoxifen at the same time!,,,,,,,,,,,,,,2,
0,In 11 2010 I had yet another surgery to remove ovaries (recommended since I'm BRCA positive) .,,,,,,,,,,,,,,2,
0,After that they switched me to Arimidex since I was then post-menopausal .,,,,,,,,,,,,,,2,
1,I don't like the stiffness achy feeling pain with the Arimidex but my doc has convinced me to fight with everything I got so that's what I'm doing .,,,,,,,,,,,,,,1,
1,I want no regrets!,,,,,,,,,,,,,,0,
1,I hope you decide what's right for you .,,,,,,,,,,,,,,3,
1,It's really up to you .,,,,,,,,,,,,,,3,
1,But I would encourage you to listen to your onc .,,,,,,,,,,,,,,3,
#,#############################################,,,,,,,,,,,,,,#,
0,From Wikipedia the free encyclopediaJump to: navigation search Not to be confused with foie gras .,,,,,,,,,,,,,,3,
0,Fatty liver Classification and external resources Micrograph showing a fatty liver (macrovesicular steatosis) as seen in non-alcoholic fatty liver disease .,,,,,,,,,,,,,,0,
0,ICD-10 K70 .  K76 .,,,,,,,,,,,,,,0,
0,0 ICD-9 571 .,,,,,,,,,,,,,,0,
0,8 DiseasesDB 18844 eMedicine med 775 article 170409 MeSH C06 .,,,,,,,,,,,,,,0,
0,241 Different stages of liver damageFatty liver also known as fatty liver disease (FLD) is a reversible condition where large vacuoles of triglyceride fat accumulate in liver cells via the process of steatosis (i . E . Abnormal retention of lipids within a cell) .,,,,,,,,,,,,,,0,
0,Despite having multiple causes fatty liver can be considered a single disease that occurs worldwide in those with excessive alcohol intake and those who are obese (with or without effects of insulin resistance) .,,,,,,,,,,,,,,0,
0,The condition is also associated with other diseases that influence fat metabolism .,,,,,,,,,,,,,,0,
0,[1] Morphologically it is difficult to distinguish alcoholic FLD from non alcoholic FLD and both show micro-vesicular and macrovesicular fatty changes at different stages .,,,,,,,,,,,,,,0,
0,Accumulation of fat may also be accompanied by a progressive inflammation of the liver (hepatitis) called steatohepatitis .,,,,,,,,,,,,,,0,
0,By considering the contribution by alcohol fatty liver may be termed alcoholic steatosis or non-alcoholic fatty liver disease (NAFLD) and the more severe forms as alcoholic steatohepatitis (part of alcoholic liver disease) and non-alcoholic steatohepatitis (NASH Perhaps this?????????????????? Glad the disease is stable!!!!,,,,,,,,,,,,,,0,
#,####################################################,,,,,,,,,,,,,,#,
0,"A good friend of minewent through bc last year . Her scans showed a ""fatty liver"" . Of course she was unnerved until her oncologist said it was not uncommon for that to show in women with bc . She has had subsequent scans and no mention of this .",,,,,,,,,,,,,,1,
1,Don't know if this is helpful .,,,,,,,,,,,,,,3,
1,Wishing you the best Hugs Nancy,,,,,,,,,,,,,,3,
#,#######################################,,,,,,,,,,,,,,#,
1,I just want you to know that you're in my thoughts and prayers .,,,,,,,,,,,,,,3,
1,I'm glad there are no new tumors but I would be worried about the liver too .,,,,,,,,,,,,,,3,
1,Hope you get some answers when you see your onc . {{hugs}} Char,,,,,,,,,,,,,,3,
#,##################################,,,,,,,,,,,,,,#,
1,No new tumors in the brain and the bones . That's good news .,,,,,,,,,,,,,,3,
1,Please let us know what the onc says on Wed .,,,,,,,,,,,,,,3,
1,You stay in my prayers .,,,,,,,,,,,,,,3,
#,#############################,,,,,,,,,,,,,,#,
1,sound promising and hopeful .,,,,,,,,,,,,,,3,
1,Please let us know what you find out on Wednesday okay .,,,,,,,,,,,,,,3,
1,Strength Hope Knowledge and Fight .,,,,,,,,,,,,,,3,
#,############################,,,,,,,,,,,,,,#,
1,The waiting can be so hard .,,,,,,,,,,,,,,3,
1,Don't know too much about the liver problem but hope you get better news on Wed .,,,,,,,,,,,,,,3,
1,Glad to hear no new tumors and hope treatment will help the ones you have now .,,,,,,,,,,,,,,3,
1,Keep us posted and we're keeping you in our prayers .,,,,,,,,,,,,,,3,
#,#############################,,,,,,,,,,,,,,#,
1,Carol I am glad that you have an encouraging news .,,,,,,,,,,,,,,3,
1,Wishing you good news and positive discussion with your doctor .,,,,,,,,,,,,,,3,
#,##########################,,,,,,,,,,,,,,#,
1,So happy to know you are feeling better .,,,,,,,,,,,,,,3,
1,I pray you feel much better each day .,,,,,,,,,,,,,,3,
1,And yes you are very blessed .,,,,,,,,,,,,,,3,
1,Andie loves you very much .,,,,,,,,,,,,,,3,
1,Hope it continues for you and you have some really good days .,,,,,,,,,,,,,,3,
1,Keep us posted Jennifer,,,,,,,,,,,,,,3,
1,So glad Pam that you are feeling much better!,,,,,,,,,,,,,,3,
1,I'm glad you're feeling better and I hope you have more good days than bad .,,,,,,,,,,,,,,3,
1,Yes you are blessed .,,,,,,,,,,,,,,3,
#,#############################,,,,,,,,,,,,,,#,
1,I am thrilled that you are feeling a little better --take it easy (if you can manage with your busy schedule) .,,,,,,,,,,,,,,3,
1,Gentle hugs Vicki Sam,,,,,,,,,,,,,,3,
#,#############################,,,,,,,,,,,,,,#,
1,KathiM so glad to hear you are feeling better and Hans is watching over you .,,,,,,,,,,,,,,3,
1,It's a relief to know that you are doing better and on the mend .,,,,,,,,,,,,,,3,
1,Hugs to you dear one .,,,,,,,,,,,,,,3,
#,#############################,,,,,,,,,,,,,,#,
1,I'm glad you're feeling better and hopefully that headache will completely disappear!,,,,,,,,,,,,,,3,
1,Sending my prayers Sylvia,,,,,,,,,,,,,,3,
#,#############################,,,,,,,,,,,,,,#,
1,Getting free medical care must be a great thing .,,,,,,,,,,,,,,3,
#,#############################,,,,,,,,,,,,,,#,
1,Kathi glad to hear that you are doing better .,,,,,,,,,,,,,,3,
1,Wishing you to get well soon and completely recover from accident .,,,,,,,,,,,,,,3,
#,#############################,,,,,,,,,,,,,,#,
0,I did not work during any of my txs but then again i haven't worked for 10 years .,,,,,,,,,,,,,,0,
1,Some folks say it is a personal decision but I know if that was me I'd find a way to stay home You are right about the money part .,,,,,,,,,,,,,,3,
1,It is filthy . If you decide to go back to work perhaps you could keep a bottle of hand sanitizer nearby .,,,,,,,,,,,,,,2,
1,I found that during chemo i was pretty much wiped out after each tx and then for several days afterward . I realize that everyone is different so you should do what feels comfortable for you .,,,,,,,,,,,,,,1,
1,Good luck with your txs .,,,,,,,,,,,,,,3,
1,Please stay in touch .,,,,,,,,,,,,,,3,
#,###############################,,,,,,,,,,,,,,#,
0,If so they should provide benefits because your immune system will be compromised and you are exposed to the public .,,,,,,,,,,,,,,3,
0,The insurance company I represent has paid claims for cancer patients who will be exposed to lots of people germs during chemo .,,,,,,,,,,,,,,0,
#,###############################,,,,,,,,,,,,,,#,
0,I am currently out on short term disability .,,,,,,,,,,,,,,0,
0,I get 26 weeks and am now starting my 5th week .,,,,,,,,,,,,,,2,
0,If I decide to stay out fro chemo I will probably have to work during radiation .,,,,,,,,,,,,,,0,
#,###############################,,,,,,,,,,,,,,#,
1,Foxhilll the decision to work or not work is going to be up to you .,,,,,,,,,,,,,,0,
1,After your first treatment you will be able to see how your body is going to react to the TAC cocktail and whether you are going to completely lose your energy level .,,,,,,,,,,,,,,1,
0,I was one of those fortunate few who took 18 weeks of TAC and probably wouldn't have been able to work while on chemo .,,,,,,,,,,,,,,2,
0,You should also be getting a Neulesta shot the day following chemo and this will help you to get your blood count back up much faster .,,,,,,,,,,,,,,2,
1,However as you say money is very dirty to work around and another thing to consider .,,,,,,,,,,,,,,3,
1,The younger you are the better you will be able to get through the treatment .,,,,,,,,,,,,,,0,
0,I was 63 when I started chemo and I know that after the third treatment I contracted walking pneumonia basically just living in my house .,,,,,,,,,,,,,,1,
1,You never know and everyone reacts differently .,,,,,,,,,,,,,,1,
0,Another friend of mine also works in a bank and she worked every day while in treatment .,,,,,,,,,,,,,,0,
1,She is in her early 40's and says that working kept her mind off of what she was going through .,,,,,,,,,,,,,,2,
0,She would take her treatment on Friday and by Monday feeling decent enough to go back to work .,,,,,,,,,,,,,,2,
1,I wouldn't worry about what to do until you actually get started with treatment .,,,,,,,,,,,,,,3,
1,Your body will tell you what is best for you .,,,,,,,,,,,,,,3,
1,Sending good thoughts your way as you begin this journey .,,,,,,,,,,,,,,3,
1,And always remember when you have questions you can always come to this board and there will be someone who has been through most everything you are going to need help with .,,,,,,,,,,,,,,3,
#,###############################,,,,,,,,,,,,,,#,
1,We will be with you every step of the way! hugs Chris,,,,,,,,,,,,,,3,
#,###############################,,,,,,,,,,,,,,#,
0,I was 41yrs old mother of 2 girls and was dx with stage 2 Estrogen & Progestrogen  HER2 .,,,,,,,,,,,,,,0,
0,I was told a very aggressive cancer .,,,,,,,,,,,,,,0,
0,I had a lumpectomy to my left breast then chemo of Taxxotere Carboplatin and Herceptin every 3wks for 6 monthsexcept Herceptin I did that one for 1yr .,,,,,,,,,,,,,,2,
0,Then had 33 rounds of radiation .,,,,,,,,,,,,,,2,
0,Mostly for financial reasons I continued to work thru it all .,,,,,,,,,,,,,,0,
0,But I had a desk job mostley clerical I didnt deal with money or people so the decision was easier for me .,,,,,,,,,,,,,,0,
1,And like Judy said Im glad I continued to work .,,,,,,,,,,,,,,2,
1,It really made me get out of bed everyday and kept my mind off of the cancer treatments .,,,,,,,,,,,,,,2,
1,Also I had a great woman boss who totally understood and loved me as a friend plus a very understanding company .,,,,,,,,,,,,,,0,
1,So that helped with all my crazy appoitments treatments and all the time I had to take off .,,,,,,,,,,,,,,0,
1,So there is a lot to considered when deciding to continue to work .,,,,,,,,,,,,,,0,
1,I wish you luck love and strength .,,,,,,,,,,,,,,3,
#,###############################,,,,,,,,,,,,,,#,
0,MAYBE you could ask to have stool (even if need Dr note) Employers are supposed to accomadate . But I KNOW first hand not always the way! sadly I say that .,,,,,,,,,,,,,,0,
0,YOU are allowed so many days for appts this and that . But MUST use up all vacation sick and personal days etc .,,,,,,,,,,,,,,0,
1,LIKE I SAID I dont' know much . About it . But I WOULD CHECK INTO IT For sure .,,,,,,,,,,,,,,3,
0,Department of you bank should be able to help!,,,,,,,,,,,,,,3,
?,????????????????????????????????,,,,,,,,,,,,,,#,
1,Linda I'm glad the chemo worked .,,,,,,,,,,,,,,3,
1,I'll keep praying for you though .,,,,,,,,,,,,,,3,
1,and I will continue cheering for you and lifting you up in prayers!,,,,,,,,,,,,,,3,
1,Strength Courage and Happiness Vicki Sam,,,,,,,,,,,,,,3,
1,So glad to hear that the chemo worked so well for you .,,,,,,,,,,,,,,3,
1,We're all thinking of you and hoping for an easy time with radiation .,,,,,,,,,,,,,,3,
1,Hugs and prayers coming your way .,,,,,,,,,,,,,,3,
1,Clear margins - Fantastic!,,,,,,,,,,,,,,2,
1,Neo-adjunct does do a lot with IBC!,,,,,,,,,,,,,,2,
1,Glad the chemo is working and that you had clear margins!,,,,,,,,,,,,,,3,
1,Will keep praying for you .,,,,,,,,,,,,,,3,
1,God Bless (((Hugs))) Janice,,,,,,,,,,,,,,3,
1,Linda great news on the chemo working .,,,,,,,,,,,,,,3,
1,I will continue to wish for an easy time for you during rads in my opinion the chemo was the worst part .,,,,,,,,,,,,,,3,
1,Best of luck as you continue on this rollercoaster .,,,,,,,,,,,,,,3,
1,We'll continue to be here with support and positive energy .,,,,,,,,,,,,,,3,
1,So glad all looks good for you - Amen!!,,,,,,,,,,,,,,3,
1,Having Clear margins is great news .,,,,,,,,,,,,,,3,
1,I hate to bring this up but when I hear about positive lymph nodes after Chemotherapy I am very concerned .,,,,,,,,,,,,,,0,
1,Please ask your doc again .,,,,,,,,,,,,,,3,
1,Please forgive I want the best for you and I am not an oncologist .,,,,,,,,,,,,,,3,
1,Great news that the chemo did its job .,,,,,,,,,,,,,,3,
1,Wishing you luck with rads!,,,,,,,,,,,,,,3,
1,Clear margins is great!,,,,,,,,,,,,,,3,
1,And good luck Friday with your appointment .,,,,,,,,,,,,,,3,
1,Good news you are in my thoughts and prayers Sparkle,,,,,,,,,,,,,,3,
1,Thanks for letting us know .,,,,,,,,,,,,,,3,
1,Will continue to keep you in my prayers .,,,,,,,,,,,,,,3,
1,I wish you luck with rads . Xoxo Jean,,,,,,,,,,,,,,3,
1,Really super duper good news!,,,,,,,,,,,,,,3,
1,Wishing you the best of luck with rads .,,,,,,,,,,,,,,3,
1,Be sure and use the creams your oncologist prescribes from day one .,,,,,,,,,,,,,,2,
1,It will help your skin to stay moist and you want that .,,,,,,,,,,,,,,2,
0,I used Aquaphor which you can buy in any drug store to keep my skin moist and I used Biafine a prescription when I started getting pink .,,,,,,,,,,,,,,2,
1,Get lots of rest!,,,,,,,,,,,,,,3,
0,Drink lots of fluids .,,,,,,,,,,,,,,3,
1,You might want to wear long pants and socks for your treatments .,,,,,,,,,,,,,,2,
1,It is freezing in that room .,,,,,,,,,,,,,,0,
1,They covered me with a blanket but it was still cold .,,,,,,,,,,,,,,2,
1,One more . If you use Aquaphor and only use what your own rads oncologist says to be sure and wear something that you can just throw away when you finish rads .,,,,,,,,,,,,,,2,
0,I wore old tshirts of my hubby's because Aquaphor is really greasy and stains .,,,,,,,,,,,,,,2,
0,Even hot water can't get the stains out .,,,,,,,,,,,,,,1,
0,I used it mainly at night when I went to bed and greased myself up good . Lol Aquaphor first and Biafine on top of that .,,,,,,,,,,,,,,2,
0,And you can't put anything like that on your skin for a few hours prior to your treatment .,,,,,,,,,,,,,,2,
0,Be gentle with your skin too when you bathe or shower .,,,,,,,,,,,,,,2,
1,Wonderful to hear margins were clear!,,,,,,,,,,,,,,3,
1,Best of luck with radiation .,,,,,,,,,,,,,,3,
1,The Gals gave you some good advice regarding radiation .,,,,,,,,,,,,,,0,
1,You will get through this phase in your recovery hang in there!,,,,,,,,,,,,,,2,
1,keep it up . We with you all the way,,,,,,,,,,,,,,3,
1,You've been waiting since your surgery for this good newsI'm so glad for you and the family and will continue to keep you in my prayers .,,,,,,,,,,,,,,3,
1,Good news on the clear margins!,,,,,,,,,,,,,,3,
1,I'm glad to hear you're doing well and that the chemo did it's job!!,,,,,,,,,,,,,,3,
1,I will continue to keep you in my thoughts and prayers :) I hope you continue to do well through radiation - my mom has her consultation on Friday as well! *hugs* Heather,,,,,,,,,,,,,,3,
1,Linda I am so glad that the chemo is working .,,,,,,,,,,,,,,3,
1,You are in my thoughts and prayers .,,,,,,,,,,,,,,3,
1,Please let us know how radiation goes .,,,,,,,,,,,,,,3,
1,Clean margins and the chemo worked!,,,,,,,,,,,,,,2,
1,Keep us updated on your rads .,,,,,,,,,,,,,,3,
1,celebrate your good news!,,,,,,,,,,,,,,3,
1,So far rads are ok for me .,,,,,,,,,,,,,,2,
1,Glad the chemo did its job and the margins are clear!,,,,,,,,,,,,,,3,
1,I guess Gabe and Abby are the beautiful children in the photo so if I am right Go Celebrate!!,,,,,,,,,,,,,,3,
1,Now I'll pray that the radiation does its job just as well .,,,,,,,,,,,,,,3,
1,It sounds like things are moving in the right direction congratulations!,,,,,,,,,,,,,,3,
1,Best wishes throughout radiation .,,,,,,,,,,,,,,3,
1,Oh Linda I'm so happy that the chemo worked and you are doing good .,,,,,,,,,,,,,,3,
1,I'll be holding your hand through radiation .,,,,,,,,,,,,,,3,
1,Take good care .,,,,,,,,,,,,,,3,
1,Clear margins . Hurray!,,,,,,,,,,,,,,3,
1,Hope your recovery from surgery is going well .,,,,,,,,,,,,,,3,
1,Chemo is truly amazing .,,,,,,,,,,,,,,2,
1,"My chemo was AFTER my bilateral mastectomy so I didn't get to really ""see"" it working .",,,,,,,,,,,,,,2,
1,The advice about skin care is right on .,,,,,,,,,,,,,,0,
0,My center showered me with Aquaphor and Biafine .,,,,,,,,,,,,,,2,
0,I only needed to ask so you may not have to buy any if your center is like mine .,,,,,,,,,,,,,,3,
0,I remember that at first I didn't notice any effects from the radiation .,,,,,,,,,,,,,,1,
1,Don't let that lull you into not being vigilant about slathering the lotions on .,,,,,,,,,,,,,,1,
1,I never got badly burned and I believe it was partially because I greased myself up every four hours or so once my radiation oncologist told me to start using the lotions .,,,,,,,,,,,,,,1,
1,You'll be looking back at this part of your journey before you know it!,,,,,,,,,,,,,,3,
1,And I am so glad the chemo worked so well for you .,,,,,,,,,,,,,,3,
1,And I hope radiation will finish the job .,,,,,,,,,,,,,,3,
1,There's more where that came from (: Positive Energy coming your way . As we speak Hugs Ayse,,,,,,,,,,,,,,3,
1,Oh so very happy that the chemo worked for you yippee!!,,,,,,,,,,,,,,3,
1,I will keep you in my prayers and I wish you all the best for the rest of you treatments .,,,,,,,,,,,,,,3,
1,Good luck Linda You deserve this good news . Take care Kay,,,,,,,,,,,,,,3,
1,Linda Take care of yourself and make sure you REST when going through radiation .,,,,,,,,,,,,,,3,
1,It may not seem like a lot (10-15 minutes of rads each day) but as you have additional treatments you may get tired more quickly .,,,,,,,,,,,,,,1,
1,The effect builds up and as you have more treatments your body works at healing the area of treatment which pulls energy from the rest of you .,,,,,,,,,,,,,,1,
1,Like Sue mentioned use the lotion or cream your rads doctor and nurses recommend right from the start .,,,,,,,,,,,,,,2,
1,It will help reduce skin problems like burning and dryness .,,,,,,,,,,,,,,2,
1,My advice: take naps whenever you can .,,,,,,,,,,,,,,2,
1,Take care and keep us posted on how things are going .,,,,,,,,,,,,,,3,
1,Congrats Linda on such a good response .,,,,,,,,,,,,,,3,
1,My original BC responded really well to chemo too it's exciting when you know your tackling this thing .,,,,,,,,,,,,,,3,
1,Best of luck to you on your rads and take good care of your skin as you go through them .,,,,,,,,,,,,,,3,
1,Radiation was very do-able for me and my skin held up really nice .,,,,,,,,,,,,,,2,
1,This is great news!,,,,,,,,,,,,,,3,
1,And I know rads will be a breeze for you!,,,,,,,,,,,,,,3,
1,Congratulations on the chemo!,,,,,,,,,,,,,,3,
1,Good luck with radiation!,,,,,,,,,,,,,,3,
1,"They aren't a ""breeze"" but I am sure you will do fine .",,,,,,,,,,,,,,3,
1,Such wonderful news .,,,,,,,,,,,,,,3,
1,Best wishes as you go thru rads . I found radiation to be much easier than surgery or chemo .,,,,,,,,,,,,,,3,
1,so glad the chemo is effective against the cancer .,,,,,,,,,,,,,,3,
1,I also dod much better in rads and hoping it is the same for you !,,,,,,,,,,,,,,3,
0,From what i understand that is usual in IBC .,,,,,,,,,,,,,,2,
0,My first doctor did not do chemo again after the radiation and that is why i ended up in this mess .,,,,,,,,,,,,,,2,
0,If your doctor does not advise chemo again get a second opinion .,,,,,,,,,,,,,,2,
0,I had 11 nodes removed and 5 were positive doctor told me that was good but he was so wrong .,,,,,,,,,,,,,,2,
1,It is better to be safe .,,,,,,,,,,,,,,3,
1,This is wonderful news!,,,,,,,,,,,,,,3,
1,Linda I am happy to hear the wonderful news!!,,,,,,,,,,,,,,3,
1,Be diligent and cream your skin per your radiologist's instructions .,,,,,,,,,,,,,,3,
1,Lots of Hugs Janelle,,,,,,,,,,,,,,3,
1,Good to hear you are responding to the chemo keep it up!,,,,,,,,,,,,,,3,
#,#############################################,,,,,,,,,,,,,,#,
1,So glad you are at home .,,,,,,,,,,,,,,3,
1,Prayers for a quick recovery .,,,,,,,,,,,,,,3,
#,#################################,,,,,,,,,,,,,,#,
1,take it easy . And happy you are home!,,,,,,,,,,,,,,3,
#,#################################,,,,,,,,,,,,,,#,
1,Happy you are home!,,,,,,,,,,,,,,3,
#,########################,,,,,,,,,,,,,,#,
1,Glad you are home .,,,,,,,,,,,,,,3,
#,#######################,,,,,,,,,,,,,,#,
1,I know you are resting in your own bed!,,,,,,,,,,,,,,3,
1,Make sure to take it easy .,,,,,,,,,,,,,,3,
1,Rest relax and recover .,,,,,,,,,,,,,,3,
#,########################,,,,,,,,,,,,,,#,
1,Please rest your tired body and soul .,,,,,,,,,,,,,,3,
1,WE will be sending positive thoughts and prayers your way .,,,,,,,,,,,,,,3,
1,Strength and Courage Vicki SAm,,,,,,,,,,,,,,3,
#,##########################,,,,,,,,,,,,,,#,
1,Hi Hiedi lot of good thoughts and prayers for you .,,,,,,,,,,,,,,3,
1,Just rest and recover and try and try and stay in some peace .,,,,,,,,,,,,,,3,
1,God bless you . Alison,,,,,,,,,,,,,,3,
#,############################,,,,,,,,,,,,,,#,
1,Sorry to hear that you were in the hospital I certianly hope they took good care of you and that you stay well now .,,,,,,,,,,,,,,3,
1,Prayers and (((Hugs))) Patti,,,,,,,,,,,,,,3,
#,###########################,,,,,,,,,,,,,,#,
1,I hope that you are feeling better .,,,,,,,,,,,,,,3,
1,I have been in treatment for IBC for 2 1 2 years and there is hope .,,,,,,,,,,,,,,3,
1,I just sent you a pm as I am being treated by the worlds expert in IBC in Philadelphia .,,,,,,,,,,,,,,3,
1,I wish there was a way you could see him .,,,,,,,,,,,,,,3,
#,##############################,,,,,,,,,,,,,,#,
1,Glad your home .,,,,,,,,,,,,,,3,
#,#######################,,,,,,,,,,,,,,#,
1,You just rest and recover Heidi .,,,,,,,,,,,,,,3,
1,Sending prayers and hugs to you!,,,,,,,,,,,,,,3,
#,#######################,,,,,,,,,,,,,,#,
1,So glad to hear you are home .,,,,,,,,,,,,,,3,
1,Get some rest .,,,,,,,,,,,,,,3,
1,I will keep you in prayer .,,,,,,,,,,,,,,3,
#,########################,,,,,,,,,,,,,,#,
1,Its always better to be home .,,,,,,,,,,,,,,3,
1,Get rest then rest some more .,,,,,,,,,,,,,,3,
1,Take all the help offered .,,,,,,,,,,,,,,3,
1,I wish you a speedy rcovery,,,,,,,,,,,,,,3,
#,########################,,,,,,,,,,,,,,#,
1,I'm glad your home and I hope your feeling better .,,,,,,,,,,,,,,3,
1,Big hugs to you .,,,,,,,,,,,,,,3,
#,##########################,,,,,,,,,,,,,,#,
1,Great to know that you got out of the hospital and are home now .,,,,,,,,,,,,,,3,
1,It is always so much better to be in your own home .,,,,,,,,,,,,,,3,
1,Rest and recover quickly now .,,,,,,,,,,,,,,3,
1,Good luck with the PET scan .,,,,,,,,,,,,,,3,
#,##########################,,,,,,,,,,,,,,#,
1,Happy you are home .,,,,,,,,,,,,,,3,
1,Now rest relax and recover .,,,,,,,,,,,,,,3,
#,##########################,,,,,,,,,,,,,,#,
1,I'm glad you're home . Rest and take care .,,,,,,,,,,,,,,3,
#,##########################,,,,,,,,,,,,,,#,
1,Hope you are feeling better .,,,,,,,,,,,,,,3,
1,I will keep you in my prayers for your petscan on Friday .,,,,,,,,,,,,,,3,
?,??????????????????????????????,,,,,,,,,,,,,,#,
1,This is a happy week!,,,,,,,,,,,,,,3,
1,"Please tell her to keep the lotions on as she is still ""cooking"" .",,,,,,,,,,,,,,2,
1,What are you and Donna going to do with all the spare time you will have now?,,,,,,,,,,,,,,3,
1,Congratulations so glad she is done!,,,,,,,,,,,,,,3,
1,This is wonderful news!!!!,,,,,,,,,,,,,,3,
1,Happiest of Thanksgivings to you both~this is a milestone to be celebrated!!!,,,,,,,,,,,,,,3,
1,I am grinning from ear to ear!,,,,,,,,,,,,,,3,
1,Give Donna a big hug for me .,,,,,,,,,,,,,,3,
1,Congratulations on being a Rad Grad!,,,,,,,,,,,,,,3,
1,Happy Thanksgiving to you & yours! &hearts Cat,,,,,,,,,,,,,,3,
1,You are a hero to many of us here on the board Bob .,,,,,,,,,,,,,,3,
1,Bob congratulations to you and Donna on joining the Rads Grads Club .,,,,,,,,,,,,,,3,
1,It's been a long road through treatments but you both made it .,,,,,,,,,,,,,,3,
1,You are a special husband and I'm sure Donna is thankful for you .,,,,,,,,,,,,,,3,
1,Have a wonderful and Happy Thanksgiving!!,,,,,,,,,,,,,,3,
1,Congrats to the finish of rads .,,,,,,,,,,,,,,3,
1,That is so great .,,,,,,,,,,,,,,3,
1,Remind her to continue using the creams for weeks .,,,,,,,,,,,,,,2,
0,The skin will still be reacting to the the rads for several more weeks .,,,,,,,,,,,,,,1,
1,It is truly wonderful that she is done with this .,,,,,,,,,,,,,,3,
1,Blessing to you and your family .,,,,,,,,,,,,,,3,
1,I continue to keep Donna and your sister in my prayers .,,,,,,,,,,,,,,3,
1,Congratulations on your Rad Grad .,,,,,,,,,,,,,,3,
1,Tomorrow will be a real day of Thanksgiving for you and your family .,,,,,,,,,,,,,,3,
1,Enjoy and keep using those creams to moisturize the area that was treated with the radiation .,,,,,,,,,,,,,,2,
1,Congratulations! . More to celebrate on Thanksgivig!,,,,,,,,,,,,,,3,
1,Donna should be doing the happy dance :-) Hope you both enjoy Thanksgiving . {{hugs}} Char,,,,,,,,,,,,,,3,
1,Congratulations to your dear Donna .,,,,,,,,,,,,,,3,
1,It's not an easy road that's for sure but she made it and now she can should pat herself on the back and start healing from all this trauma .,,,,,,,,,,,,,,3,
1,My best to you both . Jan,,,,,,,,,,,,,,2,
1,I never remembered any dates other then my last day of radiation . ( i recently looked up) been on tamoxifen 15 mths . Great thing is it has my U .,,,,,,,,,,,,,,2,
1,I keep it out on my counter and look at it almost every day-means nothing to others . But to me . Ahhhhh feels good,,,,,,,,,,,,,,3,
1,OH Bob that is wonderful!!,,,,,,,,,,,,,,3,
1,Not having to think about that for the holidays is a blessing .,,,,,,,,,,,,,,3,
1,Next year is looking up!!,,,,,,,,,,,,,,3,
1,Happy Thanksgiving & EAT ALLOT!!LOL Take care Kay,,,,,,,,,,,,,,3,
1,Yay!!!!!!!!!!!!!!!!! congrats to donna and you !!!!,,,,,,,,,,,,,,3,
1,Congratulations Donna and Bob .,,,,,,,,,,,,,,3,
1,A Big Congratulations to Donna on finishing up with radiation!!!,,,,,,,,,,,,,,3,
#,#######################################################################,,,,,,,,,,,,,,#,
1,This happened to me too .,,,,,,,,,,,,,,0,
1,Better that he go back in and get the rest of the DCIS than leave ANYTHING to chance .,,,,,,,,,,,,,,3,
0,In my case my margins were not clear .,,,,,,,,,,,,,,0,
0,The second round will be much easier and quicker because your lymph nodes have already been taken out .,,,,,,,,,,,,,,2,
#,############################################,,,,,,,,,,,,,,#,
1,Lumpectomy is not an option for me . But I agree get it all out!,,,,,,,,,,,,,,2,
1,Leave nothing behind so you can have many many many cancer free years to come .,,,,,,,,,,,,,,3,
#,#################################,,,,,,,,,,,,,,#,
0,"I had a similar experience except when they did the second ""re-incision"" the pathology report re-classed me as Stage 1B (it had been Stage 0 after the first partial mastectomy--called that because they took more of my breast than expected) .",,,,,,,,,,,,,,2,
0,I found that the incision took a bit longer to heal because it had been re-opened but this was easier because they didn't need to take any nodes the second time .,,,,,,,,,,,,,,2,
0,Even though I had no node involvement my onc wanted me to do chemo because I had a high-grade tumor (1 .,,,,,,,,,,,,,,2,
0,2 cm) and I am triple negative so there is no hormone treatment that will work for me .,,,,,,,,,,,,,,2,
0,I'm half-way through the 6 chemo treatments with new side-effects each time .,,,,,,,,,,,,,,1,
1,"What a challenge it is to stay positive as new things start to ""appear""--this cycle my feet are burning last cycle I got a rash and the first I had dental issues .",,,,,,,,,,,,,,1,
1,I'm looking forward to radiation (33 treatments) which means that I'll be finished with the chemo!!!,,,,,,,,,,,,,,2,
1,Your onc is being thorough and that is a good thing . You really wouldn't have wanted it any other way I mean to go through all of this and not be sure that he got it all would be more upsetting .,,,,,,,,,,,,,,3,
1,Chin up . We are all in this together . It has to get better!! <<<hugs>>> JoAnn,,,,,,,,,,,,,,3,
#,##############################################################,,,,,,,,,,,,,,#,
1,I am sorry that you have to go through surgery again .,,,,,,,,,,,,,,3,
1,Praying for a clean path report this time .,,,,,,,,,,,,,,3,
1,Keep us updated .,,,,,,,,,,,,,,3,
#,#####################################,,,,,,,,,,,,,,#,
1,I was fortunate this didn't happen to me . But a close friend had this experience 3 TIMES!,,,,,,,,,,,,,,0,
0,Took three surgeries to get clean margins .,,,,,,,,,,,,,,2,
0,Each time pathology said the margins weren't clear enough . If it's any consolation she said other than being put to sleep 3 times it wasn't bad at all .,,,,,,,,,,,,,,3,
1,She even played tennis inbetween!,,,,,,,,,,,,,,0,
0,The surgeon used the same incisions . She also had clean lymph nodes and after her third surgery she was onto radiation in 3 weeks .,,,,,,,,,,,,,,2,
1,I hate this is happening to you but I don't think it's all that uncommon .,,,,,,,,,,,,,,3,
1,I wish you the best,,,,,,,,,,,,,,3,
#,#########################################,,,,,,,,,,,,,,#,
0,I also had a re-excision .,,,,,,,,,,,,,,3,
0,Unfortunately on the first lumpectomy I had 10 positive nodes .,,,,,,,,,,,,,,0,
1,So the second surgery (for clear margins) was actually a piece of cake .,,,,,,,,,,,,,,2,
1,You'll do great .,,,,,,,,,,,,,,3,
1,I know it wasn't what you wanted to hear but thank God you had no positive nodes .,,,,,,,,,,,,,,3,
1,See--there's always something to be grateful for!,,,,,,,,,,,,,,3,
#,##########################################,,,,,,,,,,,,,,#,
0,No I had clear margins with my lumpectomy and then rads .,,,,,,,,,,,,,,2,
1,I am sorry you have to have this done but you want clear margins .,,,,,,,,,,,,,,3,
#,#########################################,,,,,,,,,,,,,,#,
1,Glad to hear that your nodes were clean!!!,,,,,,,,,,,,,,3,
1,Sorry to hear that they have to go back in .,,,,,,,,,,,,,,3,
0,I had a lumpectomy first .,,,,,,,,,,,,,,2,
0,My margins weren't clear and he wasn't sure he would be able to get everything if he went in again that's why I opted for a mastectomy .,,,,,,,,,,,,,,2,
1,That was my personal decision .,,,,,,,,,,,,,,0,
1,Hang in there I know a few ladies who were completely clear after their second lumpectomy .,,,,,,,,,,,,,,3,
1,Just try to keep a positive attitude!,,,,,,,,,,,,,,3,
#,##########################################,,,,,,,,,,,,,,#,
1,go back to the OR but . Congratulations on the negative nodes!!,,,,,,,,,,,,,,3,
1,That is wonderful news .,,,,,,,,,,,,,,3,
#,##########################################,,,,,,,,,,,,,,#,
0,Just to give you different input .,,,,,,,,,,,,,,0,
0,I had DCIS (stage 0)9mm x 13mm grade 3 .,,,,,,,,,,,,,,0,
0,In one of the lumpectomy margins she removed there was a spot of calcification .,,,,,,,,,,,,,,2,
0,I was told the radiation would take care of it if there had been any left behind .,,,,,,,,,,,,,,2,
0,I did NOT have sentinal nodes tested since DCIS is by definition confined to the ducts and not invasive .,,,,,,,,,,,,,,2,
0,My rads were finished 9 4 09 .,,,,,,,,,,,,,,0,
0,No further sign of trouble on either the mammos or the MRIs .,,,,,,,,,,,,,,0,
1,Good luck with whatever you choose . ~~Connie~~,,,,,,,,,,,,,,3,
#,############################################,,,,,,,,,,,,,,#,
1,its dissapointing I know to not have it over with .,,,,,,,,,,,,,,0,
0,My first time I had a couple of re-exisions before they did a mammo and found all these microcalcifications .,,,,,,,,,,,,,,2,
0,I ended up with a mastectomy and got a recurrence a year later .,,,,,,,,,,,,,,2,
0,(1994) turns out I had scant but scattered DCIS . So better to go in and get it cleaned up and be done with this mess .,,,,,,,,,,,,,,2,
1,Yay on the negative nodes that is the most important part .,,,,,,,,,,,,,,3,
#,##############################################,,,,,,,,,,,,,,#,
0,But had nodes removed-all fine . And then I had 8 wks radiation!,,,,,,,,,,,,,,2,
1,So far almsot 2 yrs since all ok . Going to Oncologist Friday & think getting ok to go annually for mammo . Yipppee (been every 3-6mths),,,,,,,,,,,,,,0,
#,#############################################,,,,,,,,,,,,,,#,
1,On the good side this will be your chance to be cancer free .,,,,,,,,,,,,,,3,
1,Even though you don't know me I am right there with you .,,,,,,,,,,,,,,3,
1,Hopefully this second attempt will be your last .,,,,,,,,,,,,,,3,
#,##########################################,,,,,,,,,,,,,,#,
1,sorry to hear you have to go through this again .,,,,,,,,,,,,,,3,
#,################################,,,,,,,,,,,,,,#,
1,It isn't easy for fears can rush in but know it just is .,,,,,,,,,,,,,,3,
1,It isn't easy facing all the news and then decide our own treatment plans .,,,,,,,,,,,,,,3,
1,Hang in there and I will be thinking of you .,,,,,,,,,,,,,,3,
1,Strength is an amazing feeling and sometimes resigning ourselve's to what ever it is we finally decide can take off some of the pressure and stress .,,,,,,,,,,,,,,3,
#,################################,,,,,,,,,,,,,,#,
1,First of all celebrate the node negative!!,,,,,,,,,,,,,,3,
1,Secondly the same thing happened to me and recovery the second time is a piece of cake .,,,,,,,,,,,,,,2,
1,(Though I had month and a half between my surgeries . May have made a difference?),,,,,,,,,,,,,,0,
1,I too was pissed off that I had to go back in BUT the great news of BENIGN BREAST TISSUE is so worth the journey . And I hope that for you :) Blessings and hugs Stace,,,,,,,,,,,,,,3,
#,####################################,,,,,,,,,,,,,,#,
0,I had a left lumpectomy and a right mastectomy five years ago they told me the same thing they didn't get a clear margin .,,,,,,,,,,,,,,3,
1,Since it was the first operation I had ever had in my life it totally freaked me out and I told them there was no way I could handle another operation .,,,,,,,,,,,,,,0,
1,Also I am self supporting and was concerned about holding my position at work if I stayed out additional time .,,,,,,,,,,,,,,0,
0,I chose the alternate method of doing chemo and radiation which I probably would have had to do even with the second operation .,,,,,,,,,,,,,,2,
0,I have been cancer free for five years however some small specs showed up on my mammogram recently .,,,,,,,,,,,,,,2,
0,I was called to the surgeon??S office and told it might be cancer in the very early stages .,,,,,,,,,,,,,,0,
0,I did the biopsy they recommended and the results were negative no cancer .,,,,,,,,,,,,,,2,
0,The surgeon said I want you to have an operation anyway .,,,,,,,,,,,,,,2,
1,I didn't know what to think and wondered if this was just a surgeon trying to increase business .,,,,,,,,,,,,,,0,
0,I told him I wanted to talk to my oncologist before making a decision .,,,,,,,,,,,,,,0,
0,My oncologist went along with the surgeon .,,,,,,,,,,,,,,2,
0,She said they did not get good samples and some of the calcifications (specs) might be cancerous .,,,,,,,,,,,,,,0,
0,I am scheduled to have them removed on March 23 2011 and I am still not convinced that I have cancer but I am afraid to take a chance so I am taking my doctors advice .,,,,,,,,,,,,,,0,
1,I know you must feel anger as I did but it might be best to have it removed to prevent cancer from returning in the future .,,,,,,,,,,,,,,3,
1,May God bless you and give you strength through this difficult time .,,,,,,,,,,,,,,3,
#,############################################,,,,,,,,,,,,,,#,
1,It happened to me too .,,,,,,,,,,,,,,3,
1,I was angry at first too because I thought why didn't they just take more the first time .,,,,,,,,,,,,,,3,
1,Iknow now that this is common figure the microscope shows them more and thank God it did .,,,,,,,,,,,,,,3,
1,Just part of the fight against the beast .,,,,,,,,,,,,,,3,
1,God Bless you and keep you .,,,,,,,,,,,,,,3,
1,Anger is one of the emotions that we have also!,,,,,,,,,,,,,,3,
#,###########################################,,,,,,,,,,,,,,#,
1,I went through this as well .,,,,,,,,,,,,,,3,
0,DCIS is not bad non-invasive .,,,,,,,,,,,,,,2,
1,But it's best to go back and get clear margins .,,,,,,,,,,,,,,2,
1,Second time wasn't bad at all .,,,,,,,,,,,,,,2,
1,I even walked into the surgery room!,,,,,,,,,,,,,,0,
1,And I let them set me up while I was awake .,,,,,,,,,,,,,,0,
1,I was proud of that one .,,,,,,,,,,,,,,0,
1,But yes get those clear margins .,,,,,,,,,,,,,,0,
1,Negative Lymph Nodes is GREAT news .,,,,,,,,,,,,,,0,
1,Good luck with it all .,,,,,,,,,,,,,,3,
1,Keeps us updated please .,,,,,,,,,,,,,,3,
#,#############################################,,,,,,,,,,,,,,#,
0,I had my first surgery on Sept 22009 .,,,,,,,,,,,,,,0,
0,Before going into that surgery I knew I had 1 malignant small tumor .,,,,,,,,,,,,,,0,
0,Just as the radiology doctor was marking that tumor she said she had to put me on the mammogram .,,,,,,,,,,,,,,2,
0,She found another tumor .,,,,,,,,,,,,,,0,
1,I was in SHOCK .,,,,,,,,,,,,,,0,
0,The one was malignant but the second one found was benign .,,,,,,,,,,,,,,0,
0,Went back to the surgeon .,,,,,,,,,,,,,,0,
0,He said good news and bad news .,,,,,,,,,,,,,,0,
0,The good news I got it all .,,,,,,,,,,,,,,0,
0,The bad news I would like to go back in to check margins .,,,,,,,,,,,,,,0,
0,Two days before the second surgery I felt something .,,,,,,,,,,,,,,0,
0,I only had 2 days to go so waited till I was being prepped for the 2nd surgery .,,,,,,,,,,,,,,2,
0,I told my doctor(surgeon) I felt something .,,,,,,,,,,,,,,0,
0,I thought it was fluid build up .,,,,,,,,,,,,,,0,
0,He felt it too .,,,,,,,,,,,,,,0,
0,Said we'll know more when we go back in .,,,,,,,,,,,,,,0,
0,Well it was another benign tumor .,,,,,,,,,,,,,,0,
1,I am glad I didn't have to wait for the second diagnosis and glad I found it .,,,,,,,,,,,,,,0,
0,I am Stage 0 DCIS malignant tumor was 1 2 centimeter .,,,,,,,,,,,,,,0,
0,No chemo or radiation but wonder about the radiation .,,,,,,,,,,,,,,2,
0,It was talked about what should be done with me at a convention .,,,,,,,,,,,,,,0,
1,So I agree with it . Wasn't happy with the second surgery needed .,,,,,,,,,,,,,,0,
1,My friends who have breast cancer only went through it once and their cancer was much more invasive .,,,,,,,,,,,,,,0,
1,They kept saying why didn't he get it all the first time .,,,,,,,,,,,,,,0,
1,But with me finding the other tumor it all worked out .,,,,,,,,,,,,,,0,
?,??????????????????????????????????????????????????????????,,,,,,,,,,,,,,,
1,I am sorry Heidi that this is turning into more than you thought .,,,,,,,,,,,,,,3,
0,The simulation took the longest for me maybe 30 minutes or 40 .,,,,,,,,,,,,,,2,
0,Then I got the tattoos and I was off for the day .,,,,,,,,,,,,,,2,
0,My sessions of rads after that only took maybe a couple of minutes .,,,,,,,,,,,,,,2,
1,It took me longer to undress than for the actual treatment .,,,,,,,,,,,,,,2,
1,LOL I hope that everything goes well for you and that you do start your rads on Monday .,,,,,,,,,,,,,,3,
1,Good luck,,,,,,,,,,,,,,3,
1,you've got some fancy radiation going there!!,,,,,,,,,,,,,,2,
1,I hear your fear and frustration but it does sound like they're going the extra mile to take care of you .,,,,,,,,,,,,,,3,
1,Hopefully they'll zap all the bad stuff right out of you:) xoxo Victoria,,,,,,,,,,,,,,3,
1,You want them to be perfect with rads and it sounds like they are doing a really good job .,,,,,,,,,,,,,,3,
1,Good luck when you start next week .,,,,,,,,,,,,,,3,
0,I did my treatments on my lunch .,,,,,,,,,,,,,,2,
0,10 min drive each way (20 mins round trip) changing clothes etc . I was back to work within an hour .,,,,,,,,,,,,,,2,
1,I HOPE all goes smoothly .,,,,,,,,,,,,,,3,
1,I did the dry run tattos etc and shaped the form i laid it & started day or two later .,,,,,,,,,,,,,,2,
0,Practice holding your arms above your head to get the muscles ready .,,,,,,,,,,,,,,2,
0,You may be in better shape and maybe you did not have surgery first but every time I went for radiation the muscles under my arms were sore afterward from keeping my arms over my head (mostly on the side they took lymph nodes from) and I was only on the table 20 minutes or so each time .,,,,,,,,,,,,,,1,
1,I agree that it sounds like they are trying to be very thourough to be sure they get it right .,,,,,,,,,,,,,,2,
1,Just keep reminding yourself that it is temporary and it is zapping the cancer out of there . Seof,,,,,,,,,,,,,,3,
1,I had a form fitted pad (not sure of real name)like foam beads in plastic and sucked air out so each time I went in . I would just lay the same exact way each time .,,,,,,,,,,,,,,2,
1,so sorry that the rads situation is stressful .,,,,,,,,,,,,,,1,
1,It is frustrating but you want them to do what's best for you .,,,,,,,,,,,,,,1,
1,Since you won't be done til after Christmas think of it as a way to start the New Year! {{hugs}} Char,,,,,,,,,,,,,,3,
1,The good news is that they are being so very cautious with your precious heart .,,,,,,,,,,,,,,3,
1,Sorry it will take a bit longer than you thought but it sounds as if you have a very good professional team and that's so important for a great outcome .,,,,,,,,,,,,,,3,
1,We'll all be right here to cheer you along all the way to the finish line .,,,,,,,,,,,,,,3,
1,think of it as you are getting the care you deserve! glad they are being careful with you .,,,,,,,,,,,,,,3,
1,Sorry about your frustrating day but enjoy your days now without going to rads everyday .,,,,,,,,,,,,,,3,
1,Everything will be fine .,,,,,,,,,,,,,,3,
1,I know it is hard when you just want to get started .,,,,,,,,,,,,,,3,
1,Once you do it will pass quickly and you will be done before you know it .,,,,,,,,,,,,,,3,
1,I know that delays are such a pain but it seems that they are really on top of this and that they will be watching everything closely .,,,,,,,,,,,,,,2,
1,It's like everything is hurry up and wait .,,,,,,,,,,,,,,3,
1,Prayers that you do well and don't have burning issues and the time passes quickly .,,,,,,,,,,,,,,3,
1,Don't give up or give in to Fear of the unknown .,,,,,,,,,,,,,,3,
1,Stength and Courage Vicki Sam,,,,,,,,,,,,,,3,
1,I so get wanting to be done and looking toward that date .,,,,,,,,,,,,,,3,
1,"It did get pushed back for the ""right"" reasons .",,,,,,,,,,,,,,3,
1,When I get to rads I hope my team is as careful as yours is being .,,,,,,,,,,,,,,0,
1,Good luck Monday and let us know how it goes .,,,,,,,,,,,,,,3,
0,1 e-mail go Home (right upper corner) then inbox or write email #2 about lymph nodes: surgeon 20 18 positive - out of 20 removed 18 were positive with cancer radiation 28 38positive you should ask him .,,,,,,,,,,,,,,0,
0,Everyone has different number of lymph nodes usually between 20 to 30 .,,,,,,,,,,,,,,0,
0,How many were taken vary from person to person as well as from qualification of your surgeon .,,,,,,,,,,,,,,2,
0,The best source is your pathology report .,,,,,,,,,,,,,,2,
0,Ask for it if you have concerns .,,,,,,,,,,,,,,0,
0,"Hey Katz I do know the ""poorly differentiated"" means that it is a highly aggressive cancer .",,,,,,,,,,,,,,0,
0,"It's the same thing as ""grade 3"" .",,,,,,,,,,,,,,0,
0,At least that's what mine was .,,,,,,,,,,,,,,0,
0,"It said ""grade 3 poorly differentiated"" .",,,,,,,,,,,,,,0,
0,ER is the estrogen receptor was positive PR- is the progesterone receptor was negative and the HER neu2 is the Human Epidermal Receptor .,,,,,,,,,,,,,,2,
1,Now whether or not it is pos . Or neg .  I don't know .,,,,,,,,,,,,,,0,
0,The 3 may mean the same thing as grade 3 .,,,,,,,,,,,,,,0,
0,As far as e-mail goes try going on the first page to the connections column to e-mail and see if that works .,,,,,,,,,,,,,,0,
1,I hope this helps .,,,,,,,,,,,,,,3,
0,Her2 is considered or - just like ER and PR are or - .,,,,,,,,,,,,,,0,
0,HER2 has levels of how fast it is reproducing cells .,,,,,,,,,,,,,,2,
0,Sounds like yours is multiplying at a rate of 3 .,,,,,,,,,,,,,,0,
0,(It's still called HERnew2) .,,,,,,,,,,,,,,0,
1,Don't let the number scare you .,,,,,,,,,,,,,,3,
0,They are stopping mine from multiplying too rapidly or overexpressing by giving me Herceptin .,,,,,,,,,,,,,,2,
0,I am almost done with my treatment .,,,,,,,,,,,,,,0,
0,I am ER- and PR- .,,,,,,,,,,,,,,0,
0,They gave me surgery chemo and Radiation and Herceptin .,,,,,,,,,,,,,,2,
0,Chemo was Taxotere and Carboplatin along with Herceptin .,,,,,,,,,,,,,,2,
0,That's called TCH .,,,,,,,,,,,,,,2,
1,I don't know how to use email on this so if you email me post something so I will know to go look for it .,,,,,,,,,,,,,,3,
0,This will be a question only your onc . Will answer .,,,,,,,,,,,,,,0,
0,I am triple positive also and am on Femara .,,,,,,,,,,,,,,2,
0,Because of the tiny size and way early stage no chemo for me so no Hercepten .,,,,,,,,,,,,,,2,
0,Fought to get it but to no avail . Said that side effects outweighted the benefits .,,,,,,,,,,,,,,1,
0,MOST hormone positive ladies either go on an AI or Tamoxifen .,,,,,,,,,,,,,,2,
0,Some refuse them completely after the other treatments are completed .,,,,,,,,,,,,,,2,
0,Me I took Femara because there was nothing else .,,,,,,,,,,,,,,2,
0,Femara was easy for me .,,,,,,,,,,,,,,2,
0,The side effects I had (except for the thinning hair) lessend with time .,,,,,,,,,,,,,,1,
0,I was lucky and didn't have severe side effects .,,,,,,,,,,,,,,2,
1,Hope this helps alittle .,,,,,,,,,,,,,,3,
1,Come back and let us know how you are .,,,,,,,,,,,,,,3,
1,Good luck to you on Monday .,,,,,,,,,,,,,,3,
1,Sending gentle hugs .,,,,,,,,,,,,,,3,
1,Glad you are feeling good Vicki!,,,,,,,,,,,,,,3,
1,wishing you a very speedy recovery!,,,,,,,,,,,,,,3,
1,On with the healing on with the fight!,,,,,,,,,,,,,,3,
1,Please keep us informed about your progress!,,,,,,,,,,,,,,3,
1,Wishing you a speedy recovery!,,,,,,,,,,,,,,3,
1,well done! just remember to do your physio exercises to keep everything loosened up and stretched =),,,,,,,,,,,,,,3,
1,Glad to read you are feeling pretty good .,,,,,,,,,,,,,,3,
1,Give your body time to rest and recover .,,,,,,,,,,,,,,3,
1,In other words don't overdo it .,,,,,,,,,,,,,,3,
1,Wishing you a speedy recovery .,,,,,,,,,,,,,,3,
1,Sending you gentle hugs and get well fast wishes Heidi!,,,,,,,,,,,,,,3,
1,It sounds like you are doing really well and that is great news .,,,,,,,,,,,,,,3,
1,Congratulations of getting this step behind you - I hope your recovery continues to be smoothe!!,,,,,,,,,,,,,,3,
1,I'm glad to hear your feeling well 2 days out .,,,,,,,,,,,,,,3,
1,I had a bi-lat on 3 24 . Just remember to pace yourself!,,,,,,,,,,,,,,3,
1,Have a great weekend!,,,,,,,,,,,,,,3,
1,and easy healing .,,,,,,,,,,,,,,3,
1,Take everything easy and be gentle to yourself .,,,,,,,,,,,,,,3,
1,Be sure and update us on how you are still doing .,,,,,,,,,,,,,,3,
1,So glad to hear you are doing well .,,,,,,,,,,,,,,3,
1,Wishing all the best for you Take it easy .,,,,,,,,,,,,,,3,
1,Glad you are feeling much better and home now .,,,,,,,,,,,,,,3,
1,Sending you healing thoughts!,,,,,,,,,,,,,,3,
1,Glad to hear it went well and you are feeling better . Just take it easy and let everyone wait on you for a while . You will be up and around in no time .,,,,,,,,,,,,,,3,
1,Please do not try to overdo it .,,,,,,,,,,,,,,3,
1,Let your body tell you when to slow down .,,,,,,,,,,,,,,3,
1,I had the same thing in April and people had to keep reminding me that it is major surgery and you really do have to take it easy .,,,,,,,,,,,,,,3,
1,If I tried to do too much I could really tell it .,,,,,,,,,,,,,,3,
1,Glad your surgery went well for you .,,,,,,,,,,,,,,3,
1,Let others pamper you and help you .,,,,,,,,,,,,,,3,
1,You just need to concentrate on healing and resting up .,,,,,,,,,,,,,,3,
1,It certainly sounds like you and your family have been through a lot and I am so sorry .,,,,,,,,,,,,,,3,
1,It sounds like you have recovered well from your surgery and I certainly wish you the best during your chemo .,,,,,,,,,,,,,,3,
1,You have certainly been hit with a lot to handle .,,,,,,,,,,,,,,3,
1,It sounds like you are doing an amazing job with all of it .,,,,,,,,,,,,,,3,
1,Take care of yourself .,,,,,,,,,,,,,,3,
1,Please bring your concerns here .,,,,,,,,,,,,,,3,
1,There are lots of wonderful people on this site to help you on your journey .,,,,,,,,,,,,,,3,
1,Good thoughts and hugs El,,,,,,,,,,,,,,3,
0,I was told unless I miss understood my doctor that if I would have had my uterus at diagnosis ( which I did not )they would have removed it .,,,,,,,,,,,,,,2,
0,I am on Tamoxifen .,,,,,,,,,,,,,,0,
1,Now I think if I had not had my ovariesand had completed menapause then I would have been put on the other drug .,,,,,,,,,,,,,,2,
1,I am really sorry for all you have been through .,,,,,,,,,,,,,,3,
1,I am glad you found all of us here .,,,,,,,,,,,,,,3,
1,I'm glad to hear you are recovering .,,,,,,,,,,,,,,3,
0,The only suggestion I would have about sleeping is just to make a nest of pillows around your head and sides .,,,,,,,,,,,,,,2,
1,I also used one under my knees .,,,,,,,,,,,,,,2,
1,Wishing you continued healing .,,,,,,,,,,,,,,3,
1,Glad too that you are recovering .,,,,,,,,,,,,,,3,
1,Just give yourself time to heal .,,,,,,,,,,,,,,3,
1,You just had major surgery .,,,,,,,,,,,,,,3,
1,Your situation is very similar to mine .,,,,,,,,,,,,,,3,
1,Also had a bilateral mast no nodes and breast tissue all clear .,,,,,,,,,,,,,,3,
1,I also was advised by my surgeon likly no further treatments but you will be referred to an oncologist to confirm .,,,,,,,,,,,,,,2,
0,Be careful and make sure you are 100% comfortable with the oncologist .,,,,,,,,,,,,,,2,
0,The first one I saw believed anyone who has been diagnosed with cancer should have chemo end of story . Which didnt jive with any of the previous info I had been given .,,,,,,,,,,,,,,2,
0,My elation vanished after that visit .,,,,,,,,,,,,,,2,
0,I got a 2nd opinion and he was wonderful . He explaiined in detail all of the info from the path report and why he felt the Oncotype test was a good idea .,,,,,,,,,,,,,,2,
1,I trusted him completly and agreed to the test .,,,,,,,,,,,,,,0,
0,He believes it will confirm his opinion that no additional treatements are needed and their benefits dont outweigh the side effects .,,,,,,,,,,,,,,2,
1,If my score comes back high we will discuss treatment options and I will go with whatever he suggests .,,,,,,,,,,,,,,2,
1,It will be another week befor I get those results .,,,,,,,,,,,,,,0,
1,I am celebrating with you and it is wonderful to see good news posted .,,,,,,,,,,,,,,3,
1,Just because we may not need additional treatments our lives have been forever changed .,,,,,,,,,,,,,,3,
1,Friends and relatives will begin to put it all aside and think we should as well they sometimes think that if we didnt have chemo we really didnt have cancer . We did and we carry that with us always .,,,,,,,,,,,,,,3,
1,I pray for continued strength for everyone here in this difficuly and ongoing journey .,,,,,,,,,,,,,,3,
1,Trying to plan the sleeping arrangements for my wife for upcoming surgery .,,,,,,,,,,,,,,0,
1,I am thinking of getting a better mattress for the living room Futon so I can sleep there and leave her the Bedroom to herself .,,,,,,,,,,,,,,2,
1,I also plan on taking a week of work .,,,,,,,,,,,,,,3,
1,I hope that is enough to get her halfway on her feet .,,,,,,,,,,,,,,3,
1,It looks like you took a good week before you felt like coming to the computer .,,,,,,,,,,,,,,0,
1,I only have two weeks paid vacation and want to try and save it if something else comes up .,,,,,,,,,,,,,,0,
1,Glad you are doing well .,,,,,,,,,,,,,,3,
0,I have a pedicule tram flap coming up .,,,,,,,,,,,,,,0,
1,I had the same problem as you after my surgery - I cannot sleep on my back and could not get comfortable on my sides .,,,,,,,,,,,,,,1,
0,My husband brought our recliner into the bedroom and I slept wonderfully!,,,,,,,,,,,,,,2,
1,I could move side to side easier and semi-prop on my side with my head up or down as I pleased .,,,,,,,,,,,,,,2,
1,Good luck on your recovery!,,,,,,,,,,,,,,3,
0,The recliner is the best idea if you have one .,,,,,,,,,,,,,,2,
0,Another is to use a big pillow to prop yourself up a little and then surround with pillows .,,,,,,,,,,,,,,2,
0,The best is little neck type or thin pillows to get your arms a little away from your body .,,,,,,,,,,,,,,2,
0,If you can find some small pillows with the tiny micro beads in them they are really nice . Or some thin tiny pillows Brookstone sometimes have the micro bead ones .,,,,,,,,,,,,,,2,
0,When I had my surgery the only way I could sleep was to sleep on the couch in our family room .,,,,,,,,,,,,,,2,
0,We moved the coffee table close and put pillows on it---that way I actually managed to stay on my back and not disturb the drains or incision .,,,,,,,,,,,,,,2,
1,"My 21 yr . Old daughter slept on the loveseat close by so I felt ""safe"" .",,,,,,,,,,,,,,2,
1,She woke me up for my meds and I was able to go right back to sleep!,,,,,,,,,,,,,,2,
1,But when I was finally able to sleep on my side in my bed that was great .,,,,,,,,,,,,,,2,
